Maker,Genmodel,Genmodel_ID,2020,2019,2018,2017,2016,2015,2014,2013,2012,2011,2010,2009,2008,2007,2006,2005,2004,2003,2002,2001
ABARTH,ABARTH 124,2_1,0,19,27,60,0,0,0,0,0,0,0,0,0,0,0,0,0,0,0,0
ABARTH,ABARTH 500,2_2,0,0,1,2,66,717,762,545,763,882,915,766,0,0,0,0,0,0,0,0
ABARTH,ABARTH 595,2_4,2144,2866,3907,3295,3132,1612,516,491,165,0,0,0,0,0,0,0,0,0,0,0
ABARTH,ABARTH 695,2_6,45,65,270,114,29,10,14,0,0,0,0,0,0,0,0,0,0,0,0,0
ABARTH,ABARTH PUNTO,2_9,0,0,0,0,0,0,56,75,90,120,97,172,74,0,0,0,0,0,0,0
ABARTH,ABARTH SPIDER,2_1,0,223,777,409,176,0,0,0,0,0,0,0,0,0,0,0,0,0,0,0
ACURA,ACURA TL,100_1,0,0,0,0,0,0,0,1,0,0,0,1,0,1,1,0,0,0,0,0
AIXAM,AIXAM 500,3_3,0,0,0,0,0,0,0,0,0,0,0,0,0,0,0,5,4,4,4,0
AIXAM,AIXAM A751,3_4,0,0,0,0,0,0,0,0,0,0,1,4,13,10,23,13,0,0,0,0
AIXAM,AIXAM COUPE,3_5,0,0,0,0,3,5,6,3,1,0,0,0,0,0,0,0,0,0,0,0
AIXAM,AIXAM CROSSLINE,3_1,0,0,0,6,15,16,10,20,31,69,39,50,39,38,0,0,0,0,0,0
AIXAM,AIXAM CROSSOVER,3_6,0,2,32,51,50,43,48,34,25,0,0,0,0,0,0,0,0,0,0,0
AIXAM,AIXAM MEGA,3_7,0,0,0,0,0,0,0,0,0,0,0,1,2,3,0,0,0,0,0,0
AIXAM,AIXAM SCOUTY,3_8,0,0,0,0,0,0,0,0,0,1,1,0,1,3,0,0,0,0,0,0
ALFA ROMEO,ALFA ROMEO 147,4_1,0,0,0,0,0,0,0,0,0,0,5,268,744,652,497,473,377,466,339,140
ALFA ROMEO,ALFA ROMEO 156,4_2,0,0,0,0,0,0,0,0,0,0,0,0,6,31,21,312,383,373,286,215
ALFA ROMEO,ALFA ROMEO 159,4_4,0,3,0,0,0,0,1,0,95,517,813,1104,1218,1407,564,1,0,0,0,0
ALFA ROMEO,ALFA ROMEO 166,4_6,0,0,0,0,0,0,0,0,0,0,0,0,3,2,0,53,42,28,29,35
ALFA ROMEO,ALFA ROMEO 4C,4_7,0,2,13,106,116,68,84,0,0,0,0,0,0,0,0,0,0,0,0,0
ALFA ROMEO,ALFA ROMEO 8C,4_8,0,0,0,0,0,0,0,0,0,0,0,7,4,0,0,0,0,0,0,0
ALFA ROMEO,ALFA ROMEO BRERA,4_9,0,0,0,0,0,0,0,0,0,25,103,445,548,483,503,0,0,0,0,0
ALFA ROMEO,ALFA ROMEO GIULIA,4_10,676,1392,1427,1849,159,0,0,0,1,0,1,0,0,0,0,0,0,0,2,0
ALFA ROMEO,ALFA ROMEO GIULIETTA,4_11,524,564,834,1486,2763,3019,3206,3242,3721,6026,2084,0,0,0,0,0,0,0,0,0
ALFA ROMEO,ALFA ROMEO GT,4_12,0,0,0,0,0,0,0,0,0,12,116,174,734,800,480,427,206,0,0,0
ALFA ROMEO,ALFA ROMEO GTV,4_13,0,0,0,0,0,0,0,0,0,0,0,0,0,0,1,25,50,73,118,143
ALFA ROMEO,ALFA ROMEO MITO,4_14,0,36,378,706,1444,1592,1734,1801,2521,3188,3977,4797,19,0,0,0,0,0,0,0
ALFA ROMEO,ALFA ROMEO SPIDER,4_15,0,0,0,0,0,0,0,1,0,19,103,114,518,497,9,47,53,62,69,184
ALFA ROMEO,ALFA ROMEO STELVIO,4_16,679,1159,1023,203,0,0,0,0,0,0,0,0,0,0,0,0,0,0,0,0
ALPINE,ALPINE A110,101_1,102,149,108,0,0,0,0,0,0,0,0,0,0,0,0,0,0,0,0,0
ASTON MARTIN,ASTON MARTIN CYGNET,6_1,0,0,0,0,0,0,12,12,45,61,4,0,0,0,0,0,0,0,0,0
ASTON MARTIN,ASTON MARTIN DB11,6_2,150,326,404,667,98,0,0,0,0,0,0,0,0,0,0,0,0,0,0,0
ASTON MARTIN,ASTON MARTIN DB5,6_12,0,0,0,0,0,0,0,0,0,0,0,0,1,0,0,0,0,0,0,0
ASTON MARTIN,ASTON MARTIN DB7,6_3,0,0,0,0,0,0,0,0,0,0,0,0,0,0,0,0,84,163,193,234
ASTON MARTIN,ASTON MARTIN DB9,6_4,0,0,0,28,140,24,111,149,64,75,158,215,399,550,510,901,225,0,0,0
ASTON MARTIN,ASTON MARTIN DB9O,6_4,0,0,0,0,11,159,57,0,0,0,0,0,0,0,0,0,0,0,0,0
ASTON MARTIN,ASTON MARTIN DBS,6_5,202,287,52,0,0,0,0,1,100,124,149,151,75,3,0,0,0,0,0,0
ASTON MARTIN,ASTON MARTIN RAPIDE,6_6,15,38,35,48,46,94,86,97,63,112,130,0,0,0,0,0,0,0,0,0
ASTON MARTIN,ASTON MARTIN VANQUISH,6_8,0,37,140,181,134,173,88,6,0,0,0,0,3,49,24,54,6,1,1,0
ASTON MARTIN,ASTON MARTIN VANTAGE,6_9,191,688,421,243,334,310,301,278,278,241,285,417,526,753,967,90,0,0,1,0
ASTON MARTIN,ASTON MARTIN VIRAGE,6_10,0,0,0,0,0,0,0,3,94,77,0,0,0,0,0,0,0,0,0,0
AUDI,AUDI A1,7_1,13292,19976,19038,21212,24047,22789,22709,22405,18743,16721,1451,0,0,0,0,0,0,0,0,0
AUDI,AUDI A2,7_2,0,1,0,0,0,0,0,0,0,0,0,0,0,0,0,1160,2046,1877,2392,1938
AUDI,AUDI A3,7_3,15079,17396,22958,27935,34335,39145,38841,28775,26994,23030,27721,26633,24398,21098,19805,15652,8405,3665,2302,1492
AUDI,AUDI A4,7_5,8903,13013,12026,19667,23312,17375,18080,17454,15506,15958,15510,16367,21339,21935,20218,15501,13587,9607,5688,2298
AUDI,AUDI A5,7_9,5155,9572,9063,10868,7766,9925,10778,11108,10098,9864,11067,7039,4942,1468,0,0,0,0,0,0
AUDI,AUDI A6,7_11,4069,9843,8392,8973,13552,11745,11514,11637,9551,8334,8049,5368,8408,9253,5845,4082,2537,1576,1165,611
AUDI,AUDI A7,7_15,729,1572,1417,1489,2262,1982,1909,1981,1424,1848,144,0,0,0,0,0,0,0,0,0
AUDI,AUDI A8,7_16,404,758,928,572,707,835,879,777,818,913,588,472,878,748,535,552,378,174,100,92
AUDI,AUDI ALLROAD,7_17,0,0,0,0,0,0,0,0,0,1,0,225,561,632,430,0,1,0,2,0
AUDI,AUDI E-TRON,7_51,5858,1029,0,0,0,0,0,0,0,0,0,0,0,0,0,0,0,0,0,0
AUDI,AUDI Q2,7_18,14817,15487,14253,11645,648,0,0,0,0,0,0,0,0,0,0,0,0,0,0,0
AUDI,AUDI Q3,7_19,12674,13987,12550,15598,16640,14277,13855,12025,6833,481,0,0,0,0,0,0,0,0,0,0
AUDI,AUDI Q5,7_20,8364,12148,11504,9167,9620,8950,7582,5796,4881,5819,3913,4111,210,0,0,0,0,0,0,0
AUDI,AUDI Q7,7_21,3927,4606,4092,4309,4827,3282,3319,3382,2423,1883,1607,1354,2717,3952,1693,0,0,0,0,0
AUDI,AUDI Q8,7_49,933,1813,634,0,0,0,0,0,0,0,0,0,0,0,0,0,0,0,0,0
AUDI,AUDI QUATTRO,7_22,0,0,1,0,0,0,1,1,32,387,92,0,2,1,1,0,0,2,5,6
AUDI,AUDI R8,7_23,121,131,254,298,331,192,210,203,132,243,291,261,493,263,0,0,0,0,0,0
AUDI,AUDI RIO,7_35,0,0,1,0,0,2,1,6,84,163,465,602,367,0,0,0,0,0,2,0
AUDI,AUDI RS3,7_25,312,837,1145,782,1107,692,0,0,0,0,0,0,0,0,0,0,0,0,0,0
AUDI,AUDI RS4,7_26,491,249,550,3,0,429,776,476,53,0,0,1,57,1082,946,0,0,0,3,126
AUDI,AUDI RS5,7_30,162,407,37,0,2,228,323,215,69,0,0,0,0,0,0,0,0,0,0,0
AUDI,AUDI RS6,7_31,663,0,200,633,649,622,446,126,0,0,55,200,218,0,0,26,132,290,38,0
AUDI,AUDI RS7,7_33,127,0,9,84,125,109,108,7,0,0,0,0,0,0,0,0,0,0,0,0
AUDI,AUDI RSQ3,7_24,697,37,0,0,229,310,411,11,0,0,0,0,1,0,0,0,0,0,0,0
AUDI,AUDI S1,7_34,0,1,307,637,586,908,429,0,0,0,0,0,0,0,0,0,0,0,0,0
AUDI,AUDI S3,7_35,1404,2705,3017,4917,4144,3787,2808,459,582,804,700,269,579,1157,89,0,2,310,500,436
AUDI,AUDI S4,7_36,676,227,1334,2016,101,416,398,384,389,486,600,374,57,226,360,429,611,188,0,29
AUDI,AUDI S5,7_39,257,85,2283,3350,764,722,422,318,261,539,601,143,575,408,0,0,0,0,0,0
AUDI,AUDI S6,7_41,84,117,151,165,117,96,79,88,61,1,28,17,41,92,100,0,4,19,31,29
AUDI,AUDI S7,7_42,66,70,7,54,68,117,50,66,34,0,0,0,0,0,0,0,0,0,0,0
AUDI,AUDI S8,7_43,23,0,0,62,210,175,69,56,37,0,6,18,56,96,75,0,0,5,70,45
AUDI,AUDI SQ2,7_50,366,881,0,0,0,0,0,0,0,0,0,0,0,0,0,0,0,0,0,0
AUDI,AUDI SQ5,7_44,1198,464,2046,1237,2046,2172,1775,685,0,0,0,0,0,0,0,0,0,1,0,0
AUDI,AUDI SQ7,7_45,568,170,871,1016,177,0,0,0,0,0,0,0,0,0,0,0,0,0,0,0
AUDI,AUDI TT,7_46,178,331,1875,2856,1837,1485,3298,5973,5507,6507,6524,6208,7497,8371,3190,4047,5527,5827,5115,3606
AUDI,AUDI TTRS,7_47,145,216,334,110,151,0,0,0,0,0,0,0,0,0,0,0,0,0,0,0
AUDI,AUDI TTS,7_48,2716,4003,1836,3992,6977,7105,590,368,133,0,1,0,0,0,0,0,0,0,0,0
BENTLEY,BENTLEY ARNAGE,10_1,0,0,0,0,0,0,0,0,1,0,5,29,40,61,73,106,90,106,134,193
BENTLEY,BENTLEY AZURE,10_2,0,0,0,0,0,0,0,0,0,1,5,10,14,28,21,0,0,11,8,12
BENTLEY,BENTLEY BENTAYGA,10_3,436,387,526,545,342,1,0,0,0,0,0,0,0,0,0,0,0,0,0,0
BENTLEY,BENTLEY BROOKLANDS,10_4,0,0,0,0,0,0,0,0,0,1,3,16,28,0,0,0,0,0,0,0
BENTLEY,BENTLEY CONTINENTAL,10_5,699,835,600,619,808,774,713,683,704,517,477,403,821,1242,1033,1157,1111,14,11,10
BENTLEY,BENTLEY FLYING SPUR,10_6,26,1,56,85,126,163,187,56,0,0,0,0,0,0,0,1,0,0,0,0
BENTLEY,BENTLEY MULSANNE,10_7,29,52,38,72,110,90,81,54,56,81,18,0,0,0,0,0,0,0,0,0
BMW,BMW 1 SERIES,8_1,20764,23624,22628,27044,28879,30499,29722,36583,30517,25065,27149,24467,21738,16022,14621,12155,3541,0,0,0
BMW,BMW 2 SERIES,8_2,9408,14842,18884,15426,19046,15197,4376,1,0,0,0,0,0,0,0,0,0,0,0,0
BMW,BMW 3 SERIES,8_5,19985,25262,25391,30716,32119,32799,34307,37365,37271,33730,32119,28532,31514,38244,29965,21106,17464,17630,13416,9056
BMW,BMW 4 SERIES,8_7,4540,10539,15716,17039,18612,18745,13042,1617,0,0,0,0,0,0,0,0,0,0,0,0
BMW,BMW 5 SERIES,8_9,8801,15789,19961,15263,15781,17442,16880,15512,15918,14663,10856,9401,9940,11657,10233,7985,5534,4039,3628,2583
BMW,BMW 6 SERIES,8_11,227,1035,2288,1296,1834,2018,2077,2130,1707,667,569,645,1206,1323,1569,1457,1290,25,0,0
BMW,BMW 7 SERIES,8_14,888,1458,1374,1500,1518,745,951,795,978,985,814,661,824,766,1197,739,445,486,281,393
BMW,BMW 8 SERIES,8_49,1864,1209,219,0,0,0,0,0,0,0,0,0,0,0,0,0,0,0,0,0
BMW,BMW I3,8_27,4204,4596,3491,3056,2131,1879,1205,119,0,0,0,0,0,0,0,0,0,0,0,0
BMW,BMW I8,8_28,80,248,389,232,447,644,201,0,0,0,0,0,0,0,0,0,0,0,0,0
BMW,BMW M1,8_48,3350,3921,3998,4477,2724,1498,1755,1591,318,1,0,1,0,0,0,0,0,0,0,0
BMW,BMW M2,8_29,2636,2604,3010,2807,2358,1502,974,0,0,0,0,0,0,0,0,0,0,0,0,0
BMW,BMW M3,8_30,1583,561,855,952,777,581,238,630,746,721,623,659,1111,444,299,892,1305,1866,1188,309
BMW,BMW M4,8_31,1141,1798,2123,1925,1709,1940,996,0,0,0,0,0,0,0,0,0,0,0,0,0
BMW,BMW M5,8_32,393,611,140,22,404,381,490,571,374,82,11,19,82,225,265,282,1,37,153,233
BMW,BMW M6,8_33,0,0,57,135,200,203,203,118,47,1,5,14,22,52,100,133,0,0,0,0
BMW,BMW X1,8_35,7396,13529,14626,13353,12247,4568,7873,7261,5601,6291,5212,464,0,0,0,0,0,0,0,1
BMW,BMW X2,8_36,3420,6918,4880,0,0,0,0,0,0,0,0,0,0,0,0,0,0,0,0,0
BMW,BMW X3,8_37,7438,15773,8197,7931,8903,7001,6148,7296,7104,4370,1035,1663,2099,3331,4792,4145,3617,2,0,0
BMW,BMW X4,8_38,1830,3998,2064,2136,2690,2052,741,0,0,0,0,0,0,0,0,0,0,0,0,0
BMW,BMW X5,8_39,5345,9055,7443,6345,6734,7306,5622,3543,4311,4405,4168,4381,3917,4410,4328,7064,4392,3655,2309,1212
BMW,BMW X6,8_41,1077,643,2114,1338,1794,1282,1404,1236,1159,809,816,1008,502,1,0,0,0,0,0,0
BMW,BMW X7,8_50,664,523,0,0,0,0,0,0,0,0,0,0,0,0,0,0,0,0,0,0
BMW,BMW Z3,8_43,0,0,0,0,0,0,0,0,0,0,0,0,1,1,0,0,1,60,872,1459
BMW,BMW Z4,8_45,1428,1928,0,134,1197,1561,1884,1582,1896,1885,1953,2433,1769,3172,3025,2139,3109,2585,0,0
BMW,BMW Z8,8_47,0,0,0,0,0,0,0,0,0,0,0,0,0,0,0,0,0,5,9,17
BRISTOL,BRISTOL FIGHTER,11_1,0,0,0,0,0,0,0,0,0,0,0,0,0,0,1,1,1,1,0,0
CADILLAC,CADILLAC BLS,14_1,0,0,0,0,0,0,0,0,0,0,19,59,44,90,56,0,0,0,0,0
CADILLAC,CADILLAC CTS,14_2,0,1,0,0,1,0,0,0,3,0,8,16,9,31,29,21,0,0,0,0
CADILLAC,CADILLAC ESCALADE,14_3,0,1,5,3,6,4,0,0,2,1,4,7,3,17,2,2,8,8,8,2
CADILLAC,CADILLAC STS,14_5,0,0,0,0,0,0,0,0,0,1,2,8,8,0,0,0,0,0,0,0
CHEVROLET,CHEVROLET AVEO,16_2,0,0,0,0,0,0,132,1475,1798,1504,1951,4605,1295,0,0,0,0,0,0,0
CHEVROLET,CHEVROLET CAMARO,16_4,0,29,21,28,4,2,10,24,16,0,2,1,0,0,0,0,0,0,0,0
CHEVROLET,CHEVROLET CAPTIVA,16_5,0,0,1,0,0,0,195,1146,1231,1412,2207,1058,1295,444,0,0,0,0,0,0
CHEVROLET,CHEVROLET CORVETTE,16_6,0,14,12,18,3,4,16,2,0,0,0,0,0,0,0,0,0,0,0,0
CHEVROLET,CHEVROLET CRUZE,16_7,0,0,0,0,0,1,554,1522,1925,1382,1032,438,0,0,0,0,0,0,0,0
CHEVROLET,CHEVROLET EPICA,16_8,0,0,0,0,0,0,0,0,0,12,7,126,53,0,0,0,0,0,0,0
CHEVROLET,CHEVROLET KALOS,16_10,0,0,0,0,0,0,0,0,0,0,0,9,1398,1910,1252,1077,0,0,0,0
CHEVROLET,CHEVROLET LACETTI,16_11,0,0,0,0,0,1,0,0,0,139,349,1032,1130,936,782,465,0,0,0,0
CHEVROLET,CHEVROLET MATIZ,16_12,0,0,0,0,0,0,0,0,0,1,1176,5028,3630,3719,2336,1384,0,0,0,0
CHEVROLET,CHEVROLET ORLANDO,16_13,0,0,0,0,0,0,210,923,2218,1566,2,0,0,0,0,0,0,0,0,0
CHEVROLET,CHEVROLET SPARK,16_14,0,0,0,0,0,8,880,4208,4202,4300,3871,1,0,0,0,0,0,0,0,0
CHEVROLET,CHEVROLET TACUMA,16_16,0,0,0,0,0,0,0,0,0,1,2,13,285,447,246,208,0,0,0,0
CHEVROLET,CHEVROLET TRAX,16_18,0,0,0,1,0,1,549,1069,0,0,0,0,0,0,0,0,0,0,0,0
CHEVROLET,CHEVROLET VOLT,16_19,0,0,0,0,0,0,2,58,52,0,0,0,0,0,0,0,0,0,0,0
CHRYSLER,CHRYSLER 300,17_1,0,0,0,0,0,2,1,0,0,2,624,592,1106,1812,1510,162,0,0,0,0
CHRYSLER,CHRYSLER 300C,17_1,0,0,0,0,0,1,46,154,163,0,0,0,0,0,0,0,0,0,0,0
CHRYSLER,CHRYSLER CROSSFIRE,17_2,0,0,0,0,0,0,0,0,0,0,0,2,28,247,553,606,900,172,0,0
CHRYSLER,CHRYSLER DELTA,17_3,0,0,0,0,0,0,7,45,533,190,0,0,0,0,0,0,0,0,0,0
CHRYSLER,CHRYSLER GRAND VOYAGER,17_4,0,0,0,0,0,3,479,324,0,0,0,0,0,0,0,0,0,0,0,0
CHRYSLER,CHRYSLER NEON,17_5,0,0,0,0,0,0,0,0,0,0,0,0,0,1,2,0,15,74,68,83
CHRYSLER,CHRYSLER PT CRUISER,17_7,0,0,0,0,0,0,0,0,0,0,0,2,158,969,998,828,679,613,348,278
CHRYSLER,CHRYSLER SEBRING,17_8,0,0,0,0,0,0,0,0,0,0,3,495,437,154,0,2,1,1,4,6
CHRYSLER,CHRYSLER VOYAGER,17_9,1,0,0,0,0,0,1,0,371,515,490,679,1457,1806,2545,1968,1058,804,383,296
CHRYSLER,CHRYSLER YPSILON,17_10,0,0,0,0,0,122,1322,1744,1810,280,0,0,0,0,0,0,0,0,0,0
CITROEN,CITROEN BERLINGO,18_2,1701,3485,2393,2173,3224,3354,3672,4182,4226,3289,3470,5581,3023,2671,3184,3352,3898,3382,2050,977
CITROEN,CITROEN C1,18_6,3734,5272,6950,8700,18096,17960,13565,14089,14000,14241,13849,13160,12482,9916,6788,1067,0,0,0,0
CITROEN,CITROEN C2,18_7,0,0,0,0,0,0,0,0,0,2,370,3201,3183,4173,3995,4252,3772,448,0,0
CITROEN,CITROEN C3,18_8,12166,22544,24099,19398,11003,12819,14612,14408,16345,17470,21664,12376,7871,9758,9398,9608,8685,7594,2861,1
CITROEN,CITROEN C4,18_12,3524,8814,12323,15888,25948,29255,22378,13689,10971,10606,11256,11798,17460,15454,5431,3411,115,0,0,1
CITROEN,CITROEN C5,18_15,5086,6499,22,0,103,210,246,396,472,830,1918,3385,2427,923,1080,844,999,973,772,280
CITROEN,CITROEN C6,18_16,0,0,0,0,0,0,0,0,5,3,36,81,79,147,76,3,0,0,0,0
CITROEN,CITROEN C8,18_17,0,0,0,0,0,0,1,0,0,0,47,203,350,528,510,433,287,146,1,0
CITROEN,CITROEN C-CROSSER,18_4,0,0,0,0,0,0,0,0,17,38,542,677,901,347,0,0,0,0,0,0
CITROEN,CITROEN C-ZERO,18_5,0,1,0,6,22,1,3,52,85,36,0,0,0,0,0,0,0,0,0,0
CITROEN,CITROEN DISPATCH,18_18,1,93,22,86,112,284,342,243,184,151,249,254,169,96,84,67,22,7,9,0
CITROEN,CITROEN DS3,21_1,0,0,0,0,18,8557,18543,18843,15543,10242,4662,2,0,0,0,0,0,0,0,0
CITROEN,CITROEN DS4,21_3,0,0,1,0,11,1140,2369,3903,2618,1315,0,0,0,0,0,0,0,0,0,0
CITROEN,CITROEN DS5,21_5,0,0,0,0,0,403,1093,1892,1233,2,0,0,0,0,0,0,0,0,0,0
CITROEN,CITROEN NEMO,18_25,0,0,0,0,0,0,0,13,345,562,971,1241,0,0,0,0,0,0,0,0
CITROEN,CITROEN SAXO,18_26,0,0,0,0,0,0,0,0,0,0,0,0,0,0,0,0,116,1539,2033,2070
CITROEN,CITROEN SPACETOURER,18_27,229,717,895,419,33,0,0,0,0,0,0,0,0,0,0,0,0,0,0,0
CITROEN,CITROEN SYNERGIE,18_28,0,0,0,0,0,0,0,0,0,0,0,0,0,0,0,0,0,0,62,131
CITROEN,CITROEN XANTIA,18_31,0,0,1,0,0,0,0,0,0,0,0,0,0,0,0,0,0,0,0,46
CITROEN,CITROEN XSARA,18_29,0,0,0,0,0,1,0,1,0,1,1703,3538,5285,10704,12569,9813,9068,6125,4558,2902
CORVETTE,CORVETTE C6,19_1,0,0,0,0,0,0,0,0,0,0,0,6,1,10,0,4,0,0,0,0
DACIA,DACIA DUSTER,22_1,8264,14571,8538,6276,7097,5994,5944,6910,10,1,0,0,0,0,0,0,0,0,0,0
DACIA,DACIA LOGAN,22_2,794,2284,1783,2271,2824,3192,2270,462,0,0,0,0,0,0,0,0,0,0,0,0
DACIA,DACIA SANDERO,22_3,9344,12748,12542,14937,15091,15371,13608,7906,18,0,0,0,0,0,0,0,0,0,0,0
DAEWOO,DAEWOO KALOS,23_1,0,0,0,0,0,0,0,0,0,0,0,0,0,0,0,122,758,517,2,0
DAEWOO,DAEWOO LACETTI,23_2,0,0,0,0,0,0,0,0,0,0,0,0,0,0,0,145,178,0,0,0
DAEWOO,DAEWOO LANOS,23_6,0,0,0,0,0,0,0,0,0,0,0,0,0,0,0,0,2,10,87,82
DAEWOO,DAEWOO LEGANZA,23_7,0,0,0,0,0,0,0,0,0,0,0,0,0,0,0,0,0,2,11,5
DAEWOO,DAEWOO MATIZ,23_3,0,0,0,0,0,0,0,0,0,0,0,0,0,0,0,138,1050,488,395,362
DAEWOO,DAEWOO MUSSO,23_8,0,0,0,0,0,0,0,0,0,0,0,1,0,0,3,0,0,3,20,30
DAEWOO,DAEWOO NUBIRA,23_4,0,0,0,0,0,0,0,0,0,0,0,0,0,0,0,24,47,23,6,15
DAEWOO,DAEWOO TACUMA,23_5,0,0,0,0,0,0,0,0,0,0,0,0,0,0,0,8,124,60,24,21
DAIHATSU,DAIHATSU CHARADE,24_2,0,0,0,0,0,0,0,0,0,0,0,0,0,78,343,419,625,441,0,0
DAIHATSU,DAIHATSU COPEN,24_3,0,0,0,0,0,1,2,0,0,0,5,171,264,249,139,122,254,84,1,0
DAIHATSU,DAIHATSU CUORE,24_4,0,0,0,0,0,0,0,0,0,0,0,1,0,0,0,0,0,20,71,94
DAIHATSU,DAIHATSU FOURTRAK,24_5,0,0,0,0,0,0,0,0,0,0,0,0,0,0,0,0,0,0,11,112
DAIHATSU,DAIHATSU MATERIA,24_6,0,0,0,0,0,0,0,0,0,0,29,184,286,210,0,0,0,0,0,0
DAIHATSU,DAIHATSU SIRION,24_7,0,0,0,0,0,0,0,0,0,1,128,1048,2305,1788,1051,1059,175,216,228,142
DAIHATSU,DAIHATSU TERIOS,24_8,0,0,0,0,0,0,0,1,1,0,19,641,923,1326,927,639,369,357,203,128
DAIHATSU,DAIHATSU YRV,24_9,0,0,0,0,0,0,0,0,0,0,0,0,0,0,0,1,71,85,100,105
DODGE,DODGE AVENGER,26_1,0,0,0,0,0,0,0,0,0,0,0,133,353,64,0,0,0,0,0,0
DODGE,DODGE CALIBER,26_2,0,0,0,0,0,0,0,0,0,0,0,294,791,1015,748,0,0,0,0,0
DODGE,DODGE JOURNEY,26_5,1,4,4,1,0,1,0,1,0,0,584,613,87,0,0,0,0,0,0,0
DODGE,DODGE NITRO,26_6,0,0,0,0,0,0,0,0,0,1,0,640,885,285,0,0,0,0,0,0
DS,DS DS3,21_1,1738,2168,3173,6911,11872,6776,0,0,0,0,0,0,0,0,0,0,0,0,0,0
DS,DS DS4,21_3,0,2,386,990,2355,835,0,0,0,0,0,0,0,0,0,0,0,0,0,0
DS,DS DS5,21_5,0,5,122,272,574,416,0,0,0,0,0,0,0,0,0,0,0,0,0,0
DS,DS DS7,21_6,581,1457,913,5,0,0,0,0,0,0,0,0,0,0,0,0,0,0,0,0
FERRARI,FERRARI 360,27_2,0,0,0,0,0,0,0,0,0,0,0,0,0,0,0,19,72,103,105,85
FERRARI,FERRARI 430,27_3,0,0,0,0,0,0,0,0,0,0,2,21,18,0,0,0,0,0,0,0
FERRARI,FERRARI 458,27_6,0,0,1,1,5,180,216,290,224,115,44,0,0,0,0,0,0,0,0,0
FERRARI,FERRARI 488,27_7,261,274,387,356,236,8,0,0,0,0,0,0,0,0,0,0,0,0,0,0
FERRARI,FERRARI 575M,27_9,0,0,0,0,0,0,0,0,0,0,0,0,0,0,0,10,20,40,20,0
FERRARI,FERRARI 599,27_10,0,0,0,0,0,0,0,1,6,29,30,29,68,57,13,0,0,0,0,0
FERRARI,FERRARI 612,27_11,0,0,0,0,0,0,0,0,0,0,3,7,27,19,29,56,25,0,0,0
FERRARI,FERRARI CALIFORNIA,27_13,0,0,8,123,206,222,108,86,116,131,174,128,0,0,0,0,0,0,0,0
FERRARI,FERRARI F430,27_18,0,0,0,0,0,0,0,0,0,0,1,47,135,193,174,156,0,0,0,0
FERRARI,FERRARI FF,27_19,0,0,0,0,18,26,37,27,68,17,0,0,0,0,0,0,0,0,0,0
FERRARI,FERRARI LAFERRARI,27_21,0,1,1,5,7,7,10,1,0,0,0,0,0,0,0,0,0,0,0,0
FERRARI,FERRARI PORTOFINO,27_23,207,275,91,0,0,0,0,0,0,0,0,0,0,0,0,0,0,0,0,0
FIAT,FIAT 124,28_1,0,15,1231,776,625,0,0,0,0,0,0,0,0,0,0,0,0,0,0,0
FIAT,FIAT 500,28_2,13198,20425,24220,28129,47643,48914,49591,41336,29842,21944,22739,21268,12141,160,0,0,0,0,0,0
FIAT,FIAT 500L,28_4,217,417,674,195,2,55,149,1,0,0,0,0,0,0,0,0,0,0,0,0
FIAT,FIAT 500X,28_5,2074,3479,1728,255,0,0,0,0,0,0,0,0,0,0,0,0,0,0,0,0
FIAT,FIAT 850,28_6,0,0,0,0,0,0,0,0,0,0,0,1,0,0,0,0,0,0,0,0
FIAT,FIAT BARCHETTA,28_8,0,0,0,0,0,0,0,0,0,0,0,0,0,0,0,27,26,11,4,17
FIAT,FIAT BRAVA,28_9,0,0,0,0,0,0,0,0,0,0,0,0,0,0,0,0,0,0,4,81
FIAT,FIAT BRAVO,28_10,0,0,0,0,0,4,62,148,302,504,909,2218,3300,2926,0,0,0,0,5,44
FIAT,FIAT CROMA,28_11,0,0,0,0,0,0,0,0,0,0,0,0,0,33,188,63,0,0,0,0
FIAT,FIAT DOBLO,28_12,146,236,411,530,739,720,557,564,631,733,946,1472,1827,1766,1329,1049,960,528,235,47
FIAT,FIAT FIORINO,28_13,25,2,2,6,3,1,7,31,81,58,25,28,15,0,0,0,0,0,0,0
FIAT,FIAT IDEA,28_16,0,0,0,0,0,0,0,0,0,0,1,0,1,76,274,270,409,0,0,0
FIAT,FIAT MAREA,28_30,0,0,0,0,0,0,0,0,0,0,0,0,0,1,0,1,0,0,9,22
FIAT,FIAT MULTIPLA,28_17,0,0,0,0,0,0,0,0,0,77,163,145,195,217,167,251,224,188,94,74
FIAT,FIAT PANDA,28_18,1723,2537,2623,3445,4779,7930,7963,7580,6575,5707,9712,11531,6174,7012,5951,4836,4408,127,0,0
FIAT,FIAT PUNTO,28_19,0,0,311,1212,1711,2489,3722,4662,6643,6942,10441,11595,13231,19615,15739,4459,6977,4420,2452,1132
FIAT,FIAT QUBO,28_21,38,104,114,192,161,182,295,637,926,702,705,566,48,0,0,0,0,0,0,0
FIAT,FIAT SCUDO,28_22,0,0,0,0,10,5,12,184,9,90,88,201,370,167,3,1,2,0,0,2
FIAT,FIAT SEDICI,28_23,0,0,0,0,0,0,0,0,0,4,5,227,455,604,628,0,0,0,0,0
FIAT,FIAT SEICENTO,28_24,0,0,0,0,0,0,0,0,0,0,0,0,0,0,0,0,2,869,743,605
FIAT,FIAT STILO,28_26,0,0,0,0,0,0,0,0,0,0,0,0,0,159,525,418,799,493,225,0
FIAT,FIAT TALENTO,28_27,89,13,52,130,7,0,0,0,0,0,0,0,0,0,0,0,0,0,0,0
FIAT,FIAT TIPO,28_28,1005,1601,1935,5949,1134,0,0,0,0,0,0,0,0,0,0,0,0,0,0,0
FIAT,FIAT ULYSSE,28_29,0,0,0,0,0,0,0,0,0,0,0,0,0,0,1,123,173,64,15,26
FORD,FORD B-MAX,29_1,0,0,662,5232,7154,9841,13045,15027,3037,0,0,0,0,0,0,0,0,0,0,0
FORD,FORD C-MAX,29_2,0,2583,4753,7330,10640,12877,16161,17773,15424,17184,7482,7516,16842,8208,222,14,9,0,0,0
FORD,FORD COUGAR,29_3,0,0,0,0,0,0,0,0,0,0,0,0,0,0,0,0,0,0,5,167
FORD,FORD ECOSPORT,29_4,8895,24639,21921,13027,14555,10659,2592,10,0,0,0,0,0,0,0,0,0,0,0,0
FORD,FORD EDGE,29_5,1,990,1589,3856,2305,0,0,1,0,0,0,0,0,0,0,0,0,0,0,0
FORD,FORD ESCORT,29_7,0,0,2,0,3,0,1,1,0,0,0,0,1,0,1,0,1,0,1,86
FORD,FORD EXPLORER,29_9,0,0,0,1,0,0,0,0,0,0,0,0,0,0,1,0,3,1,1,10
FORD,FORD F150,29_11,0,0,0,0,0,1,0,0,1,0,0,0,0,0,0,0,0,1,0,0
FORD,FORD FIESTA,29_13,46739,74500,89564,87409,113568,125619,122815,113390,100228,87266,91353,100975,73429,73685,66133,43986,39201,32345,17090,6445
FORD,FORD FOCUS,29_14,37738,53901,47374,63283,64870,76895,77222,77782,73326,71077,64533,72711,70986,77257,68079,58824,43404,29093,24270,14364
FORD,FORD FREEDOM,29_40,142,85,250,492,325,0,0,0,0,0,0,0,0,0,0,0,0,0,0,0
FORD,FORD FUSION,29_18,0,1,1,1,0,1,2,0,831,2669,6267,9817,9892,9775,9490,7383,7530,7601,1089,0
FORD,FORD GALAXY,29_19,1589,2245,2901,4274,4480,2900,5039,4788,5774,5636,5453,5521,5540,5776,3668,3875,2763,2679,1345,875
FORD,FORD GRAND C-MAX,29_20,0,1058,2738,3631,6592,2557,1040,1297,158,2,0,0,0,0,0,0,0,0,0,0
FORD,FORD GT,29_22,0,0,8,0,0,0,0,0,0,0,0,0,1,2,13,15,0,0,0,0
FORD,FORD INDEPENDENCE,29_41,1041,1089,738,351,1,0,0,0,0,0,0,0,0,0,0,0,0,0,0,0
FORD,FORD KA,29_23,0,0,0,2,5499,13122,18490,18602,17120,16383,19267,19457,12296,10499,7394,5197,4503,3360,2943,1478
FORD,FORD KA+,29_24,7,10044,10768,13116,2760,0,0,0,0,0,0,0,0,0,0,0,0,0,0,0
FORD,FORD KUGA,29_25,15403,39672,38265,35323,33839,31140,23040,13018,9815,9585,10475,8915,3278,0,0,0,0,0,0,0
FORD,FORD MAVERICK,29_26,0,0,0,0,0,0,0,0,0,0,1,0,1,0,0,0,59,213,255,90
FORD,FORD MONDEO,29_27,1871,3836,7115,11345,16291,17937,12404,14016,18212,16107,22124,23669,25666,23237,15525,14079,9870,6222,4594,3915
FORD,FORD MONDEO TITANIUM,29_27,448,636,222,3,0,0,0,0,0,0,0,0,0,0,0,0,0,0,0,0
FORD,FORD MUSTANG,29_28,1043,1198,2028,1807,2367,268,33,28,24,20,44,33,106,121,133,181,21,13,8,10
FORD,FORD PUMA,29_29,25750,180,0,0,0,0,0,0,0,0,0,0,0,0,0,0,0,1,768,1074
FORD,FORD RANGER,29_30,0,1,7,1,0,0,0,1,0,0,0,0,0,0,0,0,0,1,1,1
FORD,FORD S-MAX,29_31,1169,2141,2416,5176,6968,3397,6858,6711,7589,7119,10503,7822,7110,8408,3515,1,0,0,0,0
FORD,FORD STREETKA,29_32,0,0,0,0,0,0,0,0,0,0,0,0,0,1,529,1357,1170,940,0,0
FORD,FORD TOURNEO CONNECT,29_34,2054,1874,1120,1790,2295,1718,113,1,0,0,7,1,5,5,0,2,1,2,0,0
FORD,FORD TOURNEO COURIER,29_39,291,1130,8,0,0,0,0,0,0,0,0,0,0,0,0,0,0,0,0,0
FORD,FORD TOURNEO CUSTOM,29_35,2697,3097,3333,2600,1398,2029,898,307,0,0,0,0,0,0,0,0,0,0,0,0
FORD,FORD TRANSIT CONNECT,29_36,39,225,322,174,245,324,124,329,224,18,16,21,36,33,22,9,24,14,21,13
FORD,FORD TRANSIT COURIER,29_37,16,55,24,0,8,1,13,0,0,0,0,0,0,0,0,0,0,0,0,0
FORD,FORD TRANSIT CUSTOM,29_38,232,500,202,148,96,289,351,122,0,0,0,0,0,1,0,0,0,0,0,0
HONDA,HONDA ACCORD,34_1,3,1,3,6,2,168,446,519,1309,1428,1526,3764,3985,5179,5192,5419,4663,2927,1297,1275
HONDA,HONDA CIVIC,34_2,5648,12489,13638,14311,16278,15198,14741,15771,13703,11781,18386,22363,27536,33661,25219,19748,17205,13894,12113,9009
HONDA,HONDA CRV,34_3,0,44,8207,11754,14558,14660,15363,14649,12897,10448,10678,10689,12371,17925,12396,12205,8441,7782,5648,2361
HONDA,HONDA CR-V,34_3,5420,7873,1389,0,1,0,1,1,0,0,0,1,0,0,0,0,0,0,0,0
HONDA,HONDA CR-Z,34_4,0,0,0,0,0,23,165,295,629,1458,1300,0,0,0,0,0,0,0,0,0
HONDA,HONDA FR-V,34_7,0,0,0,0,0,0,0,0,0,0,79,1369,2048,2278,2579,2168,320,0,0,0
HONDA,HONDA HR-V,34_8,3586,4663,5946,5726,6839,2754,0,0,0,0,0,0,0,1,37,289,373,424,795,820
HONDA,HONDA INSIGHT,34_9,0,1,0,0,0,3,232,422,1289,1768,2882,2139,2,0,2,7,4,3,33,61
HONDA,HONDA INTEGRA,34_10,0,0,0,0,0,0,0,0,0,0,0,0,0,1,9,28,40,48,84,101
HONDA,HONDA JAZZ,34_11,10537,16262,19585,17322,18273,17661,19598,20605,21027,19715,22439,24844,22718,23782,24300,21078,15897,9728,5099,2
HONDA,HONDA LEGEND,34_12,0,0,0,0,0,0,0,0,0,0,0,70,111,132,95,1,2,4,17,24
HONDA,HONDA NSX,34_13,4,9,11,44,7,0,0,0,0,0,0,0,0,0,0,10,3,7,12,2
HONDA,HONDA ODYSSEY,34_14,0,1,2,1,6,3,7,2,8,3,3,8,10,4,5,10,11,7,2,7
HONDA,HONDA PRELUDE,34_19,0,0,0,0,0,0,0,0,0,0,0,0,1,1,0,0,0,1,0,0
HONDA,HONDA S2000,34_16,0,0,0,0,0,0,0,0,0,0,4,248,201,345,397,575,555,573,540,207
HONDA,HONDA STEPWAGON,34_17,0,0,0,0,0,1,3,0,6,3,11,19,27,28,33,51,34,29,6,12
HONDA,HONDA STREAM,34_18,0,0,0,0,0,0,0,0,0,0,1,4,2,2,4,57,210,166,390,311
HUMMER,HUMMER H2,35_2,0,0,0,0,0,0,0,0,0,1,1,1,6,1,2,4,4,2,0,0
HUMMER,HUMMER H3,35_3,0,0,0,0,0,0,0,0,0,0,0,5,26,30,8,6,0,0,0,0
HYUNDAI,HYUNDAI ACCENT,36_1,0,0,0,0,0,0,0,1,1,0,0,23,163,361,389,620,424,336,575,339
HYUNDAI,HYUNDAI AMICA,36_2,0,0,0,0,0,0,0,0,0,0,0,0,1285,3118,2793,0,0,36,853,761
HYUNDAI,HYUNDAI COUPE,36_3,0,0,0,0,0,0,0,0,0,0,0,1436,1462,2269,2011,1438,931,570,336,219
HYUNDAI,HYUNDAI ELANTRA,36_4,0,0,0,0,0,0,0,0,0,0,0,0,0,0,53,99,76,69,72,45
HYUNDAI,HYUNDAI GENESIS,36_5,0,0,0,3,19,17,3,1,0,0,0,0,0,0,0,0,0,0,0,0
HYUNDAI,HYUNDAI GETZ,36_6,0,0,0,0,0,0,0,0,0,0,0,523,5693,6628,6230,5811,5418,2870,289,0
HYUNDAI,HYUNDAI GRANDEUR,36_7,0,0,0,0,0,0,0,0,0,0,4,2,4,14,1,1,0,0,0,0
HYUNDAI,HYUNDAI I10,36_8,6452,17947,20719,23664,22569,22639,23655,21435,21361,18439,20912,21758,5668,0,0,0,0,0,0,0
HYUNDAI,HYUNDAI I20,36_9,4207,7393,8877,11863,14178,13198,13696,13275,10308,10710,11182,11244,123,0,0,0,0,0,0,0
HYUNDAI,HYUNDAI I30,36_10,1650,4281,7491,7090,10402,14649,10562,11234,9627,10385,12273,11059,3480,1226,0,0,0,0,0,0
HYUNDAI,HYUNDAI I40,36_12,6,524,1324,2865,4019,4120,4300,3403,3917,713,0,0,0,0,0,0,0,0,0,0
HYUNDAI,HYUNDAI I800,36_13,79,1734,1124,1327,1014,154,152,213,965,566,525,199,161,0,0,0,0,0,0,0
HYUNDAI,HYUNDAI IONIQ,36_14,7096,8310,7263,4818,421,0,0,0,0,0,0,0,0,0,0,0,0,0,0,0
HYUNDAI,HYUNDAI IX20,36_15,119,1564,2241,3876,3779,3413,3619,3509,3725,3857,371,0,0,0,0,0,0,0,0,0
HYUNDAI,HYUNDAI IX35,36_16,0,0,0,2,336,12819,14744,11562,9282,5823,3370,0,0,0,0,0,0,0,0,0
HYUNDAI,HYUNDAI KONA,36_17,12073,8561,6508,425,0,0,0,0,0,0,0,0,0,0,0,0,0,0,0,0
HYUNDAI,HYUNDAI LANTRA,36_4,0,0,0,0,0,0,0,1,0,0,0,0,0,0,0,0,0,0,0,7
HYUNDAI,HYUNDAI MATRIX,36_18,0,0,0,0,0,0,0,0,0,6,214,393,723,1133,1338,1318,880,466,224,28
HYUNDAI,HYUNDAI SANTA FE,36_20,544,1182,2071,2827,4525,3179,2720,1554,3427,3830,3698,942,1320,2117,2539,1707,1456,900,419,117
HYUNDAI,HYUNDAI SONATA,36_21,0,0,0,0,0,0,0,0,0,1,31,69,79,181,196,170,88,72,42,19
HYUNDAI,HYUNDAI TERRACAN,36_22,0,0,0,0,0,0,0,0,0,0,0,0,0,370,462,735,598,215,0,0
HYUNDAI,HYUNDAI TRAJET,36_23,0,0,0,0,0,0,0,0,0,0,0,0,0,14,255,356,201,129,73,33
HYUNDAI,HYUNDAI TUCSON,36_24,12887,25445,25419,24127,21703,5161,1,0,1,0,323,820,973,1868,2660,2366,669,1,0,0
HYUNDAI,HYUNDAI VELOSTER,36_25,0,0,0,0,0,22,143,880,1517,13,0,0,0,0,0,0,0,0,0,0
INFINITI,INFINITI FX30,37_2,0,0,0,0,0,0,2,192,175,124,24,0,0,0,0,0,0,0,0,0
INFINITI,INFINITI Q30,37_5,0,208,312,2505,1764,10,0,0,1,0,0,0,0,0,0,0,0,0,0,0
INFINITI,INFINITI Q50,37_6,0,18,258,400,633,765,428,19,0,0,0,0,0,0,0,0,0,0,0,0
INFINITI,INFINITI Q60,37_7,0,3,60,89,15,3,8,0,0,0,0,0,0,0,0,0,0,0,0,0
INFINITI,INFINITI Q70,37_8,0,1,4,132,84,141,12,0,0,0,0,0,0,0,0,0,0,0,0,0
INFINITI,INFINITI QX30,37_9,0,48,85,131,53,0,0,0,0,0,0,0,0,0,0,0,0,0,0,0
INFINITI,INFINITI QX50,37_10,0,0,0,0,33,27,8,0,0,0,0,0,0,0,0,0,0,0,0,0
INFINITI,INFINITI QX70,37_11,0,0,0,10,143,109,150,9,0,0,0,0,0,0,0,0,0,0,0,0
ISUZU,ISUZU D-MAX,38_2,0,1,6,0,1,0,0,0,0,0,0,0,3,0,0,0,0,0,0,0
ISUZU,ISUZU TROOPER,38_4,0,0,0,0,0,0,0,0,0,0,0,0,0,0,0,120,246,318,451,263
JAGUAR,JAGUAR EAGLE,39_14,52,78,88,96,81,96,94,85,95,52,24,23,24,23,19,9,1,0,0,0
JAGUAR,JAGUAR E-PACE,39_1,6130,10661,10141,211,0,0,0,0,0,0,0,0,0,0,0,0,0,0,0,0
JAGUAR,JAGUAR F TYPE,39_3,643,753,1448,1968,1976,1891,1981,1080,2,0,0,0,0,0,0,0,0,0,0,0
JAGUAR,JAGUAR F-PACE,39_2,6478,9629,10458,12179,7590,10,0,0,0,0,0,0,0,0,0,0,0,0,0,0
JAGUAR,JAGUAR F-TYPE,39_3,302,705,248,0,0,0,0,1,0,0,0,0,0,0,0,0,0,0,0,0
JAGUAR,JAGUAR I-PACE,39_13,8218,3935,708,0,0,0,0,0,0,0,0,0,0,0,0,0,0,0,0,0
JAGUAR,JAGUAR S TYPE,39_4,0,0,0,0,0,0,0,0,0,0,0,1,12,2774,2622,2640,2902,2394,1928,1320
JAGUAR,JAGUAR X TYPE,39_5,0,0,0,0,0,0,0,0,0,1,195,5040,6519,6159,6757,6310,6111,4397,2979,1203
JAGUAR,JAGUAR XE SERIES,39_6,1619,4478,5585,10692,12422,8855,1,0,0,0,0,0,0,0,0,0,0,0,0,0
JAGUAR,JAGUAR XF SERIES,39_7,1292,3235,5549,7023,8709,10025,12452,11370,10449,8967,10615,8134,6529,61,0,1,0,0,0,0
JAGUAR,JAGUAR XJ SERIES,39_8,166,400,710,884,1086,972,1038,1148,1027,1557,1397,559,942,1309,1477,1257,1903,2080,679,731
JAGUAR,JAGUAR XK SERIES,39_9,0,0,0,0,0,107,1060,783,809,1102,1302,1121,1276,2135,1930,878,832,902,916,1085
JEEP,JEEP CHEROKEE,40_1,4,25,321,558,1487,2122,1218,137,592,304,750,841,970,2422,3348,2694,2668,2377,1826,1057
JEEP,JEEP COMMANDER,40_2,0,0,0,0,0,0,0,0,0,0,0,84,18,482,346,0,0,0,0,0
JEEP,JEEP COMPASS,40_3,1652,2969,2319,18,0,4,434,574,892,887,5,81,136,105,1,0,0,0,0,0
JEEP,JEEP GRAND CHEROKEE,40_4,64,249,412,861,986,1352,1522,922,57,0,0,0,0,1,0,1,0,0,0,0
JEEP,JEEP PATRIOT,40_5,0,0,0,0,0,0,1,1,0,397,759,557,1312,460,0,0,0,0,0,0
JEEP,JEEP RENEGADE,40_6,1898,1798,2314,3953,10422,5874,0,0,0,0,0,0,0,0,0,0,0,0,0,0
JEEP,JEEP WRANGLER,40_7,755,621,365,248,257,484,330,209,154,120,153,310,178,222,90,79,131,136,126,176
KIA,KIA CARENS,43_1,0,87,1535,1764,1811,2211,2305,1506,127,459,479,1799,1956,1187,838,481,336,199,24,36
KIA,KIA CEED,43_2,4053,9763,8519,7692,8583,10038,10192,10630,12737,8692,10526,9787,7187,4052,0,0,0,0,0,0
KIA,KIA CERATO,43_3,0,0,0,0,0,0,0,0,0,0,0,0,0,125,776,833,220,0,0,0
KIA,KIA CLARUS,43_3,1,0,0,0,0,0,0,0,0,0,0,0,0,0,0,0,0,0,0,2
KIA,KIA MAGENTIS,43_4,0,0,0,0,0,0,0,0,0,1,158,196,117,208,251,157,108,62,26,7
KIA,KIA MENTOR,43_17,0,0,0,0,0,0,0,0,0,0,0,0,0,0,0,0,2,0,16,10
KIA,KIA NIRO,43_5,18234,8932,6089,4047,1197,0,0,0,0,0,0,0,0,0,0,0,0,0,0,0
KIA,KIA OPTIMA,43_6,131,1723,2731,3267,1272,646,672,381,799,34,0,0,0,0,0,0,0,0,0,0
KIA,KIA PICANTO,43_7,8935,17372,15738,12866,12588,13631,14575,12910,13392,11119,14469,14514,3860,4010,6687,6392,3556,0,0,0
KIA,KIA PRO CEED,43_8,936,1814,519,906,1214,1327,1588,1054,0,0,0,0,0,0,0,0,0,0,0,0
KIA,KIA RIO,43_9,3395,4854,5621,7998,8936,11499,11445,10386,9588,7734,7450,6429,3108,2018,1845,1214,851,504,247,73
KIA,KIA SEDONA,43_10,3,0,0,0,1,0,1,0,137,787,928,703,1614,1727,1405,1110,800,335,88,32
KIA,KIA SHUMA,43_17,0,0,0,0,0,0,0,0,0,0,0,0,0,0,0,0,7,37,32,27
KIA,KIA SORENTO,43_11,1161,2724,2752,3126,3182,4082,2958,2205,2046,1835,2128,1723,1450,2137,3725,2507,1726,561,0,0
KIA,KIA SOUL,43_12,871,339,1920,1645,2129,2589,2689,1294,1660,3531,3128,2462,0,0,0,0,0,0,0,1
KIA,KIA SPORTAGE,43_13,17323,32594,34280,35672,37482,21628,19877,18981,13582,8320,4919,3225,2402,2476,2430,2537,14,95,30,36
KIA,KIA STINGER,43_14,4,42,0,0,0,0,0,0,0,0,0,0,0,0,0,0,0,0,0,0
KIA,KIA STONIC,43_15,4502,8099,6753,699,0,0,0,0,0,0,0,0,0,0,0,0,0,0,0,0
KIA,KIA STINGER,43_14,198,852,623,124,0,0,0,0,0,0,0,0,0,0,0,0,0,0,0,0
KIA,KIA VENGA,43_16,0,2608,3641,5478,5686,6239,5526,5768,5155,4577,3295,26,0,0,0,0,0,0,0,0
KIA,KIA XCEED,43_19,6370,813,0,0,0,0,0,0,0,0,0,0,0,0,0,0,0,0,0,0
LAMBORGHINI,LAMBORGHINI AVENTADOR,45_1,63,89,97,65,61,39,31,29,19,5,0,0,0,0,0,0,0,0,0,0
LAMBORGHINI,LAMBORGHINI DIABLO,45_2,0,0,0,0,0,0,0,0,0,0,0,0,0,0,0,0,0,0,1,5
LAMBORGHINI,LAMBORGHINI GALLARDO,45_3,0,0,0,0,0,0,7,24,39,28,26,30,48,72,43,25,39,2,0,0
LAMBORGHINI,LAMBORGHINI HURACAN,45_4,96,160,172,87,62,87,19,0,0,0,0,0,0,0,0,0,0,0,0,0
LAMBORGHINI,LAMBORGHINI MURCIELAGO,45_5,0,0,0,0,0,0,0,0,0,0,3,5,12,7,2,5,7,7,9,0
LAND ROVER,LAND ROVER 110,47_1,0,1,2,0,0,0,0,0,1,1,0,0,0,0,0,2,2,2,0,1
LAND ROVER,LAND ROVER DEFENDER,47_5,4296,1,0,0,2,16,27,13,8,7,690,1061,1451,1540,1386,1494,1359,1350,813,127
LAND ROVER,LAND ROVER DISCOVERY,47_6,15762,22509,26722,33138,31681,23571,7066,5869,6664,6017,6809,5622,5598,8251,9712,9904,7746,7043,5881,5174
LAND ROVER,LAND ROVER FREELANDER,47_11,0,0,0,0,26,42,11647,13265,10553,12448,14631,10409,11822,16295,9213,9834,9459,6830,5114,2734
LAND ROVER,LAND ROVER RANGE ROVER,47_13,36052,48419,45902,42860,41679,37174,31705,29258,24856,13994,9955,7992,8007,10975,10701,7613,4092,3751,2499,1525
LEXUS,LEXUS CT 200,48_1,1245,1815,2606,2788,2827,3361,3687,3647,4184,3779,0,0,0,0,0,0,0,0,0,0
LEXUS,LEXUS ES 300,48_32,1058,931,0,0,0,0,0,0,0,0,0,0,0,0,0,0,0,0,0,0
LEXUS,LEXUS GS 250,48_2,0,0,0,0,0,0,5,362,240,0,0,0,0,0,0,0,0,0,0,0
LEXUS,LEXUS GS 300,48_2,0,3,205,309,491,0,0,0,0,0,0,0,0,0,0,0,0,0,0,0
LEXUS,LEXUS GS 450,48_2,0,0,21,29,46,42,75,170,335,67,179,233,391,520,386,0,0,0,0,0
LEXUS,LEXUS GS300,48_2,0,0,0,0,4,340,433,63,0,0,1,106,190,364,534,895,108,184,227,204
LEXUS,LEXUS IS F,48_8,0,0,0,0,0,0,0,10,8,28,31,32,67,0,0,0,0,0,0,0
LEXUS,LEXUS IS200,48_8,0,0,0,17,69,43,0,0,128,549,89,0,0,0,0,1072,2045,1849,1522,1291
LEXUS,LEXUS IS220,48_8,0,0,0,0,0,0,0,0,1,21,937,1494,1934,2998,2174,37,0,0,0,0
LEXUS,LEXUS IS250,48_8,0,0,0,0,0,68,205,199,765,964,1443,1427,1810,2395,2387,954,0,0,0,0
LEXUS,LEXUS IS300,48_8,555,1134,1411,1427,1852,2613,2869,1477,0,0,0,0,0,0,0,74,199,215,263,110
LEXUS,LEXUS LC 500,48_14,45,70,136,145,0,0,0,0,0,0,0,0,0,0,0,0,0,0,0,0
LEXUS,LEXUS LS430,48_15,0,0,0,0,0,0,0,0,0,0,0,0,0,1,82,279,271,211,219,255
LEXUS,LEXUS NX300,48_18,4142,4443,4486,3656,3607,2972,792,0,0,0,0,0,0,0,0,0,0,0,0,0
LEXUS,LEXUS RC 300,48_21,247,385,380,394,532,45,0,0,0,0,0,0,0,0,0,0,0,0,0,0
LEXUS,LEXUS RC F,48_21,6,10,17,13,28,130,5,0,0,0,0,0,0,0,0,0,0,0,0,0
LEXUS,LEXUS RX300,48_24,0,0,0,0,0,0,0,0,0,0,0,0,0,2,411,1668,2137,1036,433,333
LEXUS,LEXUS RX350,48_24,0,0,0,0,0,1,0,0,0,0,0,60,104,423,416,0,0,0,0,0
LEXUS,LEXUS RX400,48_24,0,0,0,0,0,0,0,0,0,0,5,1213,2552,2885,2092,1127,0,0,0,0
LEXUS,LEXUS RX450,48_24,1621,1880,1554,2000,2319,1287,1619,1808,1736,1786,2521,1169,0,0,0,0,0,0,0,0
LEXUS,LEXUS RX,48_24,341,472,386,0,0,0,0,0,0,0,0,0,0,0,0,0,0,0,0,0
LEXUS,LEXUS SC430,48_30,0,0,0,0,0,0,0,0,0,0,0,51,51,148,172,219,212,270,318,196
LEXUS,LEXUS UX 250H,48_31,3899,3336,0,0,0,0,0,0,0,0,0,0,0,0,0,0,0,0,0,0
LINCOLN,LINCOLN TOWN CAR,49_2,0,0,0,0,0,0,0,0,0,0,1,0,1,3,3,7,4,3,2,8
LOTUS,LOTUS ELISE,51_3,70,78,60,75,81,95,74,44,37,59,101,85,159,170,185,214,195,227,339,220
LOTUS,LOTUS ESPRIT,51_5,0,0,0,0,0,0,0,0,0,0,0,0,0,0,0,0,0,5,6,3
LOTUS,LOTUS EVORA,51_6,23,44,53,32,71,56,44,41,36,89,130,59,0,0,0,0,0,0,0,0
LOTUS,LOTUS EXIGE,51_7,73,72,75,74,75,69,71,51,1,8,51,28,68,74,79,60,29,0,0,21
MASERATI,MASERATI 3200,55_1,0,0,0,0,0,0,0,0,0,0,0,0,0,0,0,0,0,1,22,105
MASERATI,MASERATI COUPE,55_4,0,0,0,0,0,0,0,0,0,0,0,0,2,8,43,111,141,106,50,0
MASERATI,MASERATI GHIBLI,55_5,101,222,346,466,792,777,650,2,0,0,0,0,0,0,0,0,0,0,0,0
MASERATI,MASERATI GRAN TURISMO,55_8,2,12,0,0,2,1,1,34,113,149,157,186,318,137,0,0,0,0,0,0
MASERATI,MASERATI GRANCABRIO,55_6,14,23,39,31,52,52,39,72,70,88,107,0,0,0,0,0,0,0,0,0
MASERATI,MASERATI GRANSPORT,55_7,0,0,0,0,0,0,0,0,0,0,0,1,3,55,26,0,0,0,0,0
MASERATI,MASERATI GRANTURISMO,55_8,18,58,92,57,88,103,107,110,29,0,0,1,0,0,0,0,0,0,0,0
MASERATI,MASERATI LEVANTE,55_9,408,512,599,629,95,0,0,0,0,0,0,0,0,0,0,0,0,0,0,0
MASERATI,MASERATI QUATTROPORTE,55_10,9,39,66,70,121,158,127,23,8,33,47,95,117,159,97,85,47,0,0,1
MASERATI,MASERATI SPYDER,55_11,0,0,0,0,0,0,0,0,0,0,0,0,0,1,3,17,22,35,61,4
MAYBACH,MAYBACH 57,56_1,0,0,0,0,0,0,0,0,0,1,0,1,0,5,1,4,1,4,0,0
MAYBACH,MAYBACH 62,56_2,0,0,0,0,0,0,0,0,1,1,2,0,0,2,4,5,7,2,0,0
MAZDA,MAZDA 2,57_10,4091,8360,7936,7537,10122,10018,8556,8764,9205,11110,13546,14206,9958,3795,2203,2032,1761,802,0,0
MAZDA,MAZDA 3,57_11,4232,4276,6899,8013,10650,11950,8663,5315,5337,6010,9590,9399,8545,8119,7285,5927,2112,29,0,0
MAZDA,MAZDA 323,57_1,0,0,2,0,0,0,0,0,0,1,0,0,0,0,0,0,7,574,515,357
MAZDA,MAZDA 5,57_12,0,0,0,0,14,721,628,786,811,932,1791,2022,3502,3465,1864,521,0,0,0,0
MAZDA,MAZDA 6,57_13,1025,4376,3234,4645,7113,7152,6919,4891,3563,5439,7544,6727,6599,5393,3344,2336,1211,657,246,0
MAZDA,MAZDA 626,57_2,0,0,0,0,0,0,0,0,0,0,0,0,0,0,0,0,0,1,119,150
MAZDA,MAZDA B2500,57_3,0,0,0,0,0,0,0,0,0,0,0,0,0,0,0,0,0,0,2,0
MAZDA,MAZDA CX3,57_6,2721,16161,9522,4732,4854,2365,0,0,0,0,0,0,0,0,0,0,0,0,0,0
MAZDA,MAZDA CX5,57_7,2938,1411,5924,6961,7169,7249,7121,5514,1651,0,0,0,0,0,0,0,0,0,0,0
MAZDA,MAZDA CX7,57_8,0,0,0,0,0,0,0,3,178,538,674,317,306,211,0,0,0,0,0,0
MAZDA,MAZDA DEMIO,57_9,0,0,0,0,0,0,1,1,2,2,11,12,16,3,0,1,1,137,312,250
MAZDA,MAZDA MPV,57_14,0,0,0,0,0,0,0,0,0,0,0,1,3,5,3,7,24,24,15,5
MAZDA,MAZDA MX5,57_15,882,0,0,0,0,0,0,0,0,0,0,0,0,0,0,0,0,0,0,0
MAZDA,MAZDA MX-5,57_15,175,3988,4060,4408,3972,2864,2752,3011,3034,3299,4548,4059,5179,7313,6251,3306,3329,4260,3173,1812
MAZDA,MAZDA PREMACY,57_17,0,0,0,0,0,0,1,0,1,0,0,0,0,0,1,2,151,100,84,144
MAZDA,MAZDA RX8,57_18,0,0,0,0,0,0,0,0,0,25,100,313,473,779,847,632,775,139,0,0
MAZDA,MAZDA TRIBUTE,57_19,0,0,0,0,0,0,0,0,0,0,0,0,0,0,1,2,97,110,82,31
MCLAREN,MCLAREN 540C,58_2,1,7,9,43,17,2,0,0,0,0,0,0,0,0,0,0,0,0,0,0
MCLAREN,MCLAREN 570GT,58_3,6,52,51,84,7,0,0,0,0,0,0,0,0,0,0,0,0,0,0,0
MCLAREN,MCLAREN 570S,58_4,21,120,195,149,85,5,0,0,0,0,0,0,0,0,0,0,0,0,0,0
MCLAREN,MCLAREN 600LT,58_9,116,153,15,0,0,0,0,0,0,0,0,0,0,0,0,0,0,0,0,0
MCLAREN,MCLAREN 650S,58_5,0,1,0,0,28,10,2,0,0,0,0,0,0,0,0,0,0,0,0,0
MCLAREN,MCLAREN 675LT,58_6,0,0,0,12,40,13,0,0,0,0,0,0,0,0,0,0,0,0,0,0
MCLAREN,MCLAREN 720S,58_7,80,145,194,92,0,0,0,0,0,0,0,0,0,0,0,0,0,0,0,0
MCLAREN,MCLAREN P1,58_8,0,0,0,0,0,1,0,1,0,0,0,0,0,0,0,0,0,0,0,0
MERCEDES,MERCEDES 200,59_1,0,0,1,0,0,2,2,0,6,0,5,5,8,6,10,24,65,11,37,9
MERCEDES,MERCEDES 500,59_7,0,1,0,0,0,0,0,0,0,0,1,0,0,0,1,1,3,17,9,0
MERCEDES,MERCEDES A CLASS,59_8,34775,47026,40848,39355,37366,27082,24248,16288,5591,5864,6895,7892,8325,8348,7638,5597,3008,3482,2535,1719
MERCEDES,MERCEDES AMG CLASS,59_9,5205,9067,4122,3138,1605,634,0,0,0,0,0,0,0,0,0,0,0,0,0,0
MERCEDES,MERCEDES B CLASS,59_11,2720,3975,3821,5540,5293,5664,8342,7238,5929,3864,5035,5094,4474,3854,3472,804,0,0,0,0
MERCEDES,MERCEDES C CLASS,59_12,9676,21683,28412,39648,37729,40124,33031,31068,30455,23539,17034,16194,17711,17238,15638,15552,12784,10175,6250,3443
MERCEDES,MERCEDES CITAN,59_13,37,6,3,4,1,5,0,0,0,0,0,0,0,0,0,0,0,0,0,0
MERCEDES,MERCEDES CL CLASS,59_15,0,0,0,0,0,0,90,109,99,110,166,223,241,478,51,172,228,304,364,208
MERCEDES,MERCEDES CLA CLASS,59_16,7782,8497,8408,8032,7755,3182,109,1,0,0,0,0,0,0,0,0,0,0,0,0
MERCEDES,MERCEDES CLC CLASS,59_17,0,0,0,0,0,0,1,0,1,839,3341,4625,3242,0,1,0,0,0,0,0
MERCEDES,MERCEDES CLK CLASS,59_18,0,0,0,0,0,0,0,0,0,1,24,3050,2868,4300,4044,5294,5118,4088,2371,1936
MERCEDES,MERCEDES CLS CLASS,59_19,349,1021,988,1437,2112,2945,608,862,1056,1367,1245,1413,1824,2482,2176,1312,2,0,0,1
MERCEDES,MERCEDES E CLASS,59_20,9725,18372,20137,20884,20580,21722,21475,20415,16076,15448,13652,8591,5754,7593,5649,6916,7162,5595,1996,1507
MERCEDES,MERCEDES G CLASS,59_21,167,139,62,96,80,172,655,610,74,64,13,5,5,4,3,3,3,3,4,9
MERCEDES,MERCEDES GL CLASS,59_22,1,1,0,3,214,560,2,0,116,305,215,211,344,649,168,0,0,0,0,0
MERCEDES,MERCEDES GLA CLASS,59_23,9386,17092,16435,12308,10312,8715,3401,0,0,0,0,0,0,0,0,0,0,0,0,0
MERCEDES,MERCEDES GLC CLASS,59_24,11711,17627,19632,12766,9509,1390,0,0,0,0,0,0,0,0,0,0,0,0,0,0
MERCEDES,MERCEDES GLE CLASS,59_25,5327,3527,5810,4168,5366,1222,0,0,0,0,0,0,0,0,0,0,0,0,0,0
MERCEDES,MERCEDES GLS CLASS,59_26,433,395,624,679,426,0,0,0,0,0,0,0,0,0,0,0,0,0,0,0
MERCEDES,MERCEDES ML CLASS,59_27,0,0,0,0,7,3173,3980,4407,2721,2996,3184,2542,3146,3319,3027,1786,2662,2074,1952,1145
MERCEDES,MERCEDES R CLASS,59_28,0,0,0,0,0,0,0,157,309,413,260,244,364,559,506,0,0,0,0,0
MERCEDES,MERCEDES S CLASS,59_29,563,1807,1951,2114,1988,2128,1706,1055,1348,1034,1015,1034,1193,1698,1374,781,964,1042,646,579
MERCEDES,MERCEDES SL CLASS,59_30,212,328,352,537,662,766,1036,1071,396,225,313,441,706,697,714,1052,1706,1908,888,234
MERCEDES,MERCEDES SLC CLASS,59_31,544,898,1356,3077,2054,0,0,0,0,0,0,0,0,0,0,0,0,0,0,0
MERCEDES,MERCEDES SLK CLASS,59_32,0,0,0,1,1193,4737,4773,4558,5479,2492,2014,2406,3129,3387,3579,4753,3118,1943,2188,2454
MERCEDES,MERCEDES SPRINTER,59_35,219,186,158,176,168,165,41,36,18,9,9,4,9,6,9,3,8,10,7,10
MERCEDES,MERCEDES V CLASS,59_36,810,1980,1859,1849,1346,929,3,0,0,0,0,0,0,0,1,0,0,104,144,97
MERCEDES,MERCEDES VANEO,59_37,0,0,0,0,0,0,0,0,0,0,0,0,1,10,52,162,176,229,74,0
MERCEDES,MERCEDES VIANO,59_38,0,0,0,0,1,125,645,662,567,486,446,454,502,457,385,364,226,0,0,0
MERCEDES,MERCEDES VITO,59_39,729,2114,1432,1238,990,525,572,485,506,318,426,414,113,71,66,40,23,17,11,8
MERCEDES,MERCEDES X CLASS,59_40,2,4,0,0,0,0,0,0,0,0,0,0,0,0,0,0,0,0,0,0
MG,MG 3,53_2,2236,3260,2566,2853,3059,2400,1628,192,0,0,0,0,0,0,0,0,0,0,0,0
MG,MG 6,53_3,0,0,0,0,348,473,261,58,21,0,0,0,0,0,0,0,0,0,0,0
MG,MG GS,53_1,0,351,932,923,561,0,0,0,0,0,0,0,0,0,0,0,0,0,0,0
MG,MG MG6,53_3,0,0,0,0,0,2,215,189,603,240,0,0,0,0,0,0,0,1,0,0
MG,MG MGF,53_4,0,0,0,0,0,0,0,0,0,0,0,0,0,0,0,2,2,3,112,1567
MG,MG TF,53_5,0,0,0,0,0,0,1,2,9,68,178,256,88,41,272,1190,2552,2675,1744,1
MG,MG XS,53_10,3923,7252,5149,353,0,0,0,0,0,0,0,0,0,0,0,0,0,0,0,0
MG,MG ZR,53_6,0,0,0,0,0,0,0,0,0,0,0,0,2,4,105,761,1191,858,449,106
MG,MG ZS,53_7,8158,1075,0,0,0,0,0,0,0,0,0,0,1,0,78,388,623,455,366,118
MG,MG ZT,53_8,0,0,0,0,0,0,0,0,0,0,0,0,5,26,190,715,1211,904,424,129
MICROCAR,MICROCAR M-GO,61_1,0,0,35,49,91,62,64,54,61,63,102,29,0,0,0,0,0,0,0,0
MINI,MINI CLUBMAN,54_1,3432,5746,6930,7302,8451,1240,742,1415,1696,2103,2720,2891,4993,1475,0,0,0,0,0,0
MINI,MINI COOPER,54_6,26817,36432,38958,35837,35204,33563,23176,15965,17780,17225,20724,21460,18921,25790,19133,19879,19128,15697,10833,2859
MINI,MINI COUNTRYMAN,54_4,9758,16288,13653,10329,7969,8206,10813,10867,10168,8760,1393,0,0,0,0,0,0,0,0,0
MINI,MINI FIRST,54_6,0,0,0,0,0,0,12,857,838,1230,2091,1835,0,0,0,0,0,0,0,0
MINI,MINI JOHN COOPER WORKS,54_9,3083,2595,2622,2535,2192,2007,844,1430,880,674,574,472,426,33,340,54,0,0,0,0
MINI,MINI ONE,54_6,1155,1598,1627,5801,9514,11368,8517,12825,14337,14263,10673,7208,8311,7845,8843,11168,8475,6308,5074,1483
MINI,MINI PACEMAN,54_7,0,0,0,118,1279,1981,3663,2608,0,0,0,0,0,0,0,0,0,0,0,0
MINI,MINI ROADSTER,54_8,0,0,0,0,1,945,1103,2118,1252,0,0,0,0,0,0,0,0,0,0,0
MITSUBISHI,MITSUBISHI ASX,62_1,1425,1477,2251,3860,3263,4702,3869,2488,2278,2377,1952,0,0,0,0,0,0,0,0,0
MITSUBISHI,MITSUBISHI CARISMA,62_2,0,0,0,0,0,0,0,0,0,0,0,0,0,0,0,21,526,691,223,109
MITSUBISHI,MITSUBISHI COLT,62_3,0,0,0,0,0,0,0,528,1572,1833,2881,4604,5896,5715,4641,3505,794,78,113,91
MITSUBISHI,MITSUBISHI DELICA,62_6,0,0,0,0,0,0,0,0,0,0,0,0,2,0,2,9,5,4,9,0
MITSUBISHI,MITSUBISHI ECLIPSE,62_7,1195,3929,5496,101,0,0,0,0,0,0,0,0,1,1,3,1,1,0,1,3
MITSUBISHI,MITSUBISHI FTO,62_8,0,0,0,0,0,0,0,0,0,0,0,0,0,0,0,0,0,0,1,1
MITSUBISHI,MITSUBISHI GALANT,62_9,0,0,0,0,0,0,0,0,0,0,0,0,0,0,0,0,0,33,77,78
MITSUBISHI,MITSUBISHI GRANDIS,62_10,0,0,0,0,0,0,0,0,0,0,3,264,143,384,554,531,287,5,0,0
MITSUBISHI,MITSUBISHI L200,62_13,1,0,0,0,0,0,0,0,0,0,2,0,1,1,4,3,4,7,11,12
MITSUBISHI,MITSUBISHI LANCER,62_14,0,0,0,0,0,4,15,0,28,1534,2212,1462,1818,1161,1366,1376,277,55,26,91
MITSUBISHI,MITSUBISHI MIRAGE,62_15,701,1114,1069,1250,1381,1542,1784,2245,0,0,0,0,0,0,0,0,0,0,0,0
MITSUBISHI,MITSUBISHI OUTLANDER,62_16,4407,8195,10457,8198,10295,12296,7149,2046,1200,1476,1791,1592,2263,1905,136,272,381,43,0,0
MITSUBISHI,MITSUBISHI PAJERO,62_17,0,0,0,0,0,1,2,0,0,0,0,0,0,1,1,2,8,4,8,4
MITSUBISHI,MITSUBISHI SHOGUN,62_18,566,651,969,955,1392,1743,1401,841,619,1025,975,643,1169,2954,4078,5713,5516,2869,1847,1211
MITSUBISHI,MITSUBISHI SPACE STAR,62_21,0,0,0,0,1,1,0,0,0,0,0,0,0,0,5,637,1163,860,547,229
MITSUBISHI,MITSUBISHI SPACE WAGON,62_22,0,0,0,0,0,0,0,0,0,0,0,0,0,0,0,0,8,99,91,45
MORGAN,MORGAN AERO,63_2,0,0,0,0,2,12,4,4,5,5,1,7,1,0,0,0,0,0,0,0
MORGAN,MORGAN PLUS 4,63_3,101,84,60,54,102,97,62,60,50,86,76,71,40,47,22,29,0,0,0,0
MORGAN,MORGAN PLUS 8,63_4,0,1,9,5,7,6,1,6,3,0,0,0,0,0,0,1,15,11,23,35
MORGAN,MORGAN ROADSTER,63_5,10,25,28,29,31,28,28,21,19,29,35,34,32,22,14,23,25,0,0,0
NISSAN,NISSAN 350,64_1,0,0,0,0,0,0,0,0,0,0,0,128,347,574,769,1202,1327,449,86,0
NISSAN,NISSAN 370,64_2,87,104,139,155,185,172,133,132,133,331,612,222,0,0,0,0,0,0,0,0
NISSAN,NISSAN ALMERA,64_3,0,0,0,0,0,0,0,0,0,0,1,0,0,31,2334,9077,7738,4787,4198,1928
NISSAN,NISSAN CUBE,64_5,0,0,0,0,1,0,0,0,0,73,854,26,11,11,6,7,35,16,2,1
NISSAN,NISSAN E-NV200,64_7,265,213,58,111,98,74,19,0,0,0,0,0,0,0,0,0,0,0,0,0
NISSAN,NISSAN FAIRLADY,64_10,0,0,0,0,0,0,0,0,0,0,0,0,0,0,1,6,9,14,3,0
NISSAN,NISSAN GT,64_13,0,0,1,0,0,0,0,0,0,20,253,551,0,0,0,0,0,0,0,0
NISSAN,NISSAN GT-R,64_13,94,130,148,234,145,138,144,125,137,154,0,0,0,0,0,0,0,0,0,0
NISSAN,NISSAN JUKE,64_14,17697,18506,23275,35455,36790,38016,36929,35049,26803,19905,4898,0,0,0,0,0,0,0,0,0
NISSAN,NISSAN LEAF,64_16,8098,5040,4885,4613,3966,4040,3081,1298,479,450,0,0,0,0,0,0,0,0,0,0
NISSAN,NISSAN MICRA,64_17,6266,8433,9599,12179,10781,13116,14232,11531,11629,12910,16759,17162,15998,15554,22424,22432,17910,17717,12880,8139
NISSAN,NISSAN MURANO,64_19,0,0,1,0,1,0,1,0,2,14,108,204,184,198,360,380,2,0,0,0
NISSAN,NISSAN NAVARA,64_20,0,1,0,0,0,0,0,1,0,0,0,0,0,2,0,1,1,1,0,0
NISSAN,NISSAN NOTE,64_21,0,0,0,5109,10861,15077,22024,11838,11810,12564,15125,16285,17709,14887,11636,5,0,0,0,0
NISSAN,NISSAN NV200,64_22,0,0,37,100,258,220,225,511,294,308,214,1,0,0,0,0,0,0,0,0
NISSAN,NISSAN NV300,64_23,8,8,7,102,0,0,0,0,0,0,0,0,0,0,0,0,0,0,0,0
NISSAN,NISSAN PATHFINDER,64_24,0,0,0,0,0,0,330,396,412,662,507,688,723,1616,1643,956,0,0,0,0
NISSAN,NISSAN PATROL,64_25,0,0,0,0,0,0,0,0,0,0,0,11,24,47,62,162,209,90,84,46
NISSAN,NISSAN PIXO,64_28,0,0,0,0,0,0,0,505,1879,2206,4399,3968,0,0,0,0,0,0,0,0
NISSAN,NISSAN PRIMASTAR,64_30,0,0,0,0,0,0,18,11,12,40,5,11,39,45,21,4,0,1,0,0
NISSAN,NISSAN PRIMERA,64_31,0,0,0,0,0,0,0,0,0,0,0,0,1,16,1249,1830,1373,1146,888,421
NISSAN,NISSAN PULSAR,64_32,0,0,1971,4080,6287,7823,1369,0,0,0,0,0,0,0,0,0,0,0,0,0
NISSAN,NISSAN QASHQAI,64_33,32264,49307,47376,57548,58132,56147,44914,45787,41187,34500,33155,25705,16116,13323,3,0,0,1,0,3
NISSAN,NISSAN SERENA,64_35,0,1,0,0,0,1,3,4,2,1,2,13,11,12,11,8,7,4,4,16
NISSAN,NISSAN SKYLINE,64_36,0,0,0,0,0,0,0,0,0,0,0,1,10,3,1,7,11,21,6,21
NISSAN,NISSAN STAGEA,64_37,0,0,0,0,0,0,0,0,0,0,0,0,0,0,0,0,0,2,1,0
NISSAN,NISSAN TERRANO,64_38,0,0,0,0,0,0,0,0,0,0,0,0,0,5,60,337,677,560,451,310
NISSAN,NISSAN X-TRAIL,64_41,4508,5587,8884,16721,14851,8218,3851,1595,1696,2131,1468,2151,3763,5430,7122,6932,4958,2919,1000,143
NOBLE,NOBLE M600,65_2,0,0,1,0,1,0,1,0,0,0,0,0,0,0,0,0,0,0,0,0
OPEL,OPEL ASTRA,66_1,0,0,0,1,0,0,0,0,0,2,4,4,16,11,9,18,5,17,30,3
OPEL,OPEL INSIGNIA,66_2,0,0,0,0,0,0,1,1,1,1,1,105,0,0,0,0,0,0,0,0
OPEL,OPEL ZAFIRA,66_3,0,0,0,0,0,0,0,0,0,0,1,1,1,2,7,9,18,52,78,17
PERODUA,PERODUA KELISA,68_1,0,0,0,0,0,0,0,0,0,1,10,27,75,83,102,99,90,87,70,0
PERODUA,PERODUA KENARI,68_3,0,0,0,0,0,0,0,0,0,2,30,28,37,39,53,54,54,36,41,43
PERODUA,PERODUA MYVI,68_2,0,0,0,1,0,0,10,168,335,403,459,383,224,310,101,0,0,0,0,0
PEUGEOT,PEUGEOT 1007,69_1,0,0,0,0,0,0,0,0,0,0,0,4,156,883,1607,1081,0,0,0,0
PEUGEOT,PEUGEOT 106,69_2,0,0,0,0,0,1,4,1,0,0,0,0,0,0,0,1,0,1176,2120,2028
PEUGEOT,PEUGEOT 107,69_3,0,0,0,0,0,0,8702,16321,16162,14985,15221,14296,14322,12438,10998,2813,0,1,0,0
PEUGEOT,PEUGEOT 108,69_4,4663,5106,8072,11504,17127,18261,7108,0,0,0,0,0,0,0,0,0,0,0,0,0
PEUGEOT,PEUGEOT 2008,69_5,11694,11904,12383,16154,18517,17536,16087,3496,0,0,0,0,0,0,0,0,1,0,0,0
PEUGEOT,PEUGEOT 206,69_6,3,2,0,0,0,0,2,0,0,12,1,916,2103,5170,14419,22062,22662,17178,12835,7603
PEUGEOT,PEUGEOT 207,69_9,0,0,0,0,0,0,1000,2983,16653,27400,35060,37620,35981,39319,13494,1,0,1,0,0
PEUGEOT,PEUGEOT 208,69_12,13103,19851,18310,16970,26342,28485,30165,34913,15442,0,0,0,0,0,0,0,0,0,0,0
PEUGEOT,PEUGEOT 3008,69_13,11837,19082,18881,15897,6715,8338,8624,11705,11817,12079,10745,997,0,0,0,0,0,0,0,0
PEUGEOT,PEUGEOT 306,69_14,1,0,0,0,0,1,1,2,1,0,0,0,0,1,2,1,1,1,329,1849
PEUGEOT,PEUGEOT 307,69_15,0,0,0,0,0,0,0,0,0,7,0,476,3374,17015,17340,13130,11208,8010,4893,1172
PEUGEOT,PEUGEOT 308,69_18,4090,6772,8857,9543,15339,14992,13326,12174,12367,12202,17617,19317,17472,2198,1,0,0,0,0,1
PEUGEOT,PEUGEOT 4007,69_21,0,0,0,0,0,0,0,0,31,162,288,671,560,335,0,0,0,0,0,0
PEUGEOT,PEUGEOT 406,69_22,0,2,0,0,0,0,0,0,0,1,8,0,0,0,0,0,431,1627,1616,1490
PEUGEOT,PEUGEOT 407,69_23,0,0,0,0,0,0,0,1,1,267,1714,2076,2318,4557,5151,3697,1088,1,0,0
PEUGEOT,PEUGEOT 5008,69_25,4864,5619,5264,734,1729,1813,1841,2611,2393,2374,2835,22,0,0,0,0,0,0,0,0
PEUGEOT,PEUGEOT 508,69_26,1635,1952,401,487,977,1164,1623,3434,4778,3673,0,0,0,0,0,0,0,0,0,0
PEUGEOT,PEUGEOT 607,69_28,0,0,2,0,0,0,0,0,0,1,0,3,58,55,74,82,99,108,73,35
PEUGEOT,PEUGEOT 806,69_38,0,0,0,0,0,0,0,0,0,0,0,0,0,0,0,0,0,1,54,82
PEUGEOT,PEUGEOT 807,69_29,0,0,0,0,0,0,0,0,4,2,57,190,276,667,513,272,290,231,3,0
PEUGEOT,PEUGEOT BIPPER,69_30,0,0,0,0,0,6,188,290,398,571,713,233,0,0,0,0,0,0,0,0
PEUGEOT,PEUGEOT BOXER,69_41,191,220,106,224,197,191,114,114,17,27,4,6,2,0,1,0,1,1,1,2
PEUGEOT,PEUGEOT EXPERT,69_31,8,54,34,49,104,264,267,263,457,612,818,831,766,135,2,6,15,12,2,3
PEUGEOT,PEUGEOT HORIZON,69_34,171,450,1420,1347,1305,1088,1140,1012,314,2,0,0,0,0,0,0,0,0,0,0
PEUGEOT,PEUGEOT INDEPENDENCE,69_43,0,0,0,9,441,517,401,317,68,0,0,0,0,0,0,0,0,0,0,0
PEUGEOT,PEUGEOT ION,69_33,0,0,3,11,35,20,15,21,172,90,0,0,0,0,0,0,0,0,0,0
PEUGEOT,PEUGEOT PARTNER,69_34,0,35,1123,1144,1777,1705,1713,1779,2262,2249,2091,1711,1437,1270,1212,1104,1376,1364,770,77
PEUGEOT,PEUGEOT RCZ,69_36,0,0,0,0,258,1127,1627,2197,2136,2674,1689,4,0,0,0,0,0,0,0,1
PEUGEOT,PEUGEOT RIFTER,69_42,2497,3049,469,0,0,1,0,0,0,0,1,0,0,0,0,0,0,0,0,0
PEUGEOT,PEUGEOT TRAVELLER,69_37,387,695,592,497,40,0,0,0,0,0,0,0,0,0,0,0,0,0,0,0
PORSCHE,PORSCHE 718 BOXSTER,71_2,297,696,762,958,722,0,0,0,0,0,0,0,0,0,0,0,1,0,0,0
PORSCHE,PORSCHE 718 CAYMAN,71_3,651,910,883,924,262,0,0,0,0,0,0,0,0,0,0,0,0,0,0,0
PORSCHE,PORSCHE 911,71_4,1915,2459,1982,1775,1587,1628,1454,1206,1444,1143,1534,1304,1591,1963,2418,2464,2047,2087,1939,1218
PORSCHE,PORSCHE 918,71_5,0,0,0,0,0,28,7,0,0,0,0,0,0,0,0,0,0,0,0,0
PORSCHE,PORSCHE BOXSTER,71_6,157,189,229,0,445,980,1129,1210,1038,678,737,766,965,1447,1625,2987,1837,2241,1979,1852
PORSCHE,PORSCHE CAYENNE,71_8,2868,3409,1869,1782,2843,2407,1922,2193,2003,1282,936,881,594,771,988,1530,1377,708,0,0
PORSCHE,PORSCHE CAYMAN,71_9,201,257,405,0,641,997,1156,1012,306,520,518,627,849,1361,1364,150,1,0,0,0
PORSCHE,PORSCHE MACAN,71_10,3780,4764,3880,5341,4143,3508,1153,0,0,0,0,0,0,0,0,0,0,0,0,0
PORSCHE,PORSCHE PANAMERA,71_11,495,822,779,953,339,659,744,723,641,355,311,99,0,0,0,0,0,0,0,0
PROTON,PROTON GEN 2,72_1,0,0,0,0,0,0,0,6,49,103,139,135,204,260,201,144,29,0,0,0
PROTON,PROTON IMPIAN,72_2,0,0,0,0,0,0,0,0,0,0,4,7,14,30,51,63,40,23,14,9
PROTON,PROTON PERSONA,72_4,0,0,0,0,0,0,0,0,12,39,48,67,60,0,0,0,0,0,0,8
PROTON,PROTON SATRIA,72_5,0,0,0,0,0,0,0,4,23,27,19,35,50,65,0,0,33,35,23,27
PROTON,PROTON SAVVY,72_6,0,0,0,0,0,0,0,4,49,119,208,186,176,310,330,0,0,0,0,0
PROTON,PROTON WIRA,72_7,0,0,0,0,0,0,0,0,0,0,0,0,0,0,0,0,34,33,27,24
RENAULT,RENAULT CAPTUR,75_1,12853,19247,20864,18742,24286,23047,18625,5989,0,0,0,0,0,0,0,0,0,0,0,0
RENAULT,RENAULT CLIO,75_2,10568,16083,19682,18500,22571,25051,27004,21319,16399,20268,28942,21758,24519,34267,29989,19828,17566,13120,8775,5263
RENAULT,RENAULT ESPACE,75_3,0,0,0,0,1,0,0,0,104,356,408,413,766,1230,649,584,421,199,220,109
RENAULT,RENAULT FLUENCE,75_4,0,0,0,0,0,0,3,8,40,0,0,0,0,0,0,0,0,0,0,0
RENAULT,RENAULT GRAND SCENIC,75_7,262,851,657,1072,1262,1014,95,0,0,0,1,0,0,0,0,0,0,0,0,0
RENAULT,RENAULT KADJAR,75_8,8029,10811,10995,13903,19252,3033,0,0,0,0,0,0,0,0,0,0,0,0,0,0
RENAULT,RENAULT KANGOO,75_9,1,0,0,0,0,0,0,0,632,1380,1470,1207,2047,2150,1612,1706,1568,1083,796,534
RENAULT,RENAULT KOLEOS,75_10,488,946,928,672,0,0,0,0,0,1,98,1419,428,0,0,0,0,0,0,0
RENAULT,RENAULT LAGUNA,75_11,0,0,0,0,0,0,0,0,335,1940,2377,1835,3568,2359,1381,1341,1231,883,510,184
RENAULT,RENAULT MASTER,75_23,208,218,258,304,282,309,170,177,133,40,16,16,43,28,20,8,1,5,3,1
RENAULT,RENAULT MEGANE,75_12,1100,2525,2111,5225,5287,6821,7605,8081,10518,16435,21008,13051,11245,14360,10780,7722,4327,5699,6780,4806
RENAULT,RENAULT MODUS,75_13,0,0,0,0,0,0,0,1,252,2377,3008,1794,3753,2732,3613,4938,1399,0,0,0
RENAULT,RENAULT SCENIC,75_14,8,287,569,1061,1105,3745,5055,4585,5277,10469,14864,4985,8325,11015,8687,5726,3042,317,2,0
RENAULT,RENAULT TRAFIC,75_17,794,626,708,975,1034,495,413,436,484,550,476,390,410,328,149,26,2,4,3,0
RENAULT,RENAULT TWINGO,75_18,0,226,807,1413,3005,5165,937,1003,1364,2716,4607,1859,3595,612,0,0,1,0,0,0
RENAULT,RENAULT TWIZY,75_19,1,0,20,13,38,75,33,70,167,0,0,0,0,0,0,0,0,0,0,0
RENAULT,RENAULT VEL SATIS,75_20,0,0,0,0,0,0,0,0,0,0,0,0,0,0,2,12,31,44,54,0
RENAULT,RENAULT WIND ROADSTER,75_21,0,0,0,0,0,0,0,0,37,1356,708,0,0,0,0,0,0,0,0,0
RENAULT,RENAULT ZOE,75_22,6279,2231,1737,963,1527,1723,845,321,1,0,0,0,0,0,0,0,0,0,0,0
Reva,Reva G-WIZ,76_1,0,0,0,0,0,0,0,0,0,5,19,18,22,106,53,0,0,0,0,0
ROLLS ROYCE,ROLLS ROYCE CORNICHE,77_1,0,0,0,0,0,0,0,0,0,0,0,0,0,0,0,0,0,1,4,7
ROLLS ROYCE,ROLLS ROYCE DAWN,77_2,50,63,98,109,108,1,0,0,0,0,0,0,0,0,0,0,0,0,0,0
ROLLS ROYCE,ROLLS ROYCE GHOST,77_3,64,39,51,64,60,90,66,71,92,98,113,4,0,0,0,0,0,0,0,0
ROLLS ROYCE,ROLLS ROYCE PHANTOM,77_4,29,45,62,7,37,30,41,33,28,37,33,27,70,60,55,49,31,12,1,0
ROLLS ROYCE,ROLLS ROYCE SILVER SERAPH,77_5,0,0,0,0,0,0,0,0,0,0,0,0,0,0,0,0,0,0,9,23
ROLLS ROYCE,ROLLS ROYCE WRAITH,77_6,31,50,74,78,87,101,97,20,0,0,0,0,0,0,0,0,0,0,0,0
ROVER,ROVER 25,78_1,0,0,0,0,0,0,0,0,0,0,0,0,0,11,135,927,1401,1725,1588,1581
ROVER,ROVER 45,78_2,0,0,0,0,0,0,0,0,0,0,0,0,3,3,37,499,1104,1086,936,828
ROVER,ROVER 75,78_3,0,0,0,0,0,0,0,0,0,0,0,0,9,23,295,1756,4008,3388,2732,1383
ROVER,ROVER CITYROVER,78_5,0,0,0,0,0,0,0,0,0,0,0,0,0,1,61,56,213,16,0,0
ROVER,ROVER MINI,78_6,0,0,0,0,0,0,0,0,0,0,0,0,0,0,0,0,0,2,5,314
ROVER,ROVER STREETWISE,78_7,0,0,0,0,0,0,0,0,0,0,0,0,0,2,38,164,586,170,0,0
SAAB,SAAB 9-3,81_1,0,0,0,0,0,0,2,8,200,2798,4174,4890,9081,11704,10250,6882,4317,1865,1370,1186
SAAB,SAAB 9-5,81_3,0,0,0,0,1,0,0,1,21,414,748,814,1375,1706,1896,1755,1493,921,838,575
SANTANA,SANTANA PS10,82_1,0,0,0,0,0,0,0,0,0,0,0,0,0,1,1,0,0,0,0,0
SEAT,SEAT ALHAMBRA,79_1,768,2475,2294,5121,3795,2272,1994,1673,1562,1400,491,557,833,929,891,892,1193,779,401,170
SEAT,SEAT ALTEA,79_2,0,0,0,0,0,520,848,1691,2030,1701,1899,2419,3204,4206,2830,1691,754,0,0,0
SEAT,SEAT ARONA,79_4,10508,14841,11686,575,0,0,0,0,0,0,0,0,0,0,0,0,0,0,0,0
SEAT,SEAT AROSA,79_5,0,0,0,0,0,0,0,0,0,0,0,0,0,0,0,72,1028,872,738,446
SEAT,SEAT ATECA,79_6,7565,11040,8983,9446,1904,0,0,0,0,0,0,0,0,0,0,0,0,0,0,0
SEAT,SEAT CORDOBA,79_7,0,0,0,0,0,0,0,0,0,0,0,0,0,0,17,81,108,112,5,7
SEAT,SEAT EXEO,79_8,0,0,0,0,0,0,1,664,1407,2256,1941,1045,0,0,0,1,0,0,0,1
SEAT,SEAT IBIZA,79_9,8253,13255,12520,15531,18864,18993,20830,17881,15656,16353,13639,11705,8744,7593,6003,3859,3043,2627,986,444
SEAT,SEAT LEON,79_10,13516,18968,20765,18362,17031,19085,21450,14062,11756,9149,8516,7478,7724,8615,6399,3546,2891,2346,1286,682
SEAT,SEAT MII,79_11,297,1287,1244,1446,2193,2697,3153,3538,1787,0,0,0,0,0,0,0,0,0,0,0
SEAT,SEAT TARRACO,79_13,2777,4268,0,0,0,0,0,0,0,0,0,0,0,0,0,0,0,0,0,0
SEAT,SEAT TOLEDO,79_12,0,87,1212,793,740,1019,1295,1538,134,0,0,3,39,238,451,688,342,316,183,136
SKODA,SKODA CITIGO,80_1,278,4546,5125,6091,7762,8116,9264,7125,3808,1,0,0,0,0,0,0,0,0,0,0
SKODA,SKODA FABIA,80_2,9326,14679,16476,17421,19681,18075,15232,19590,15134,13427,12811,15979,13647,12192,11698,10249,8191,6185,4664,3362
SKODA,SKODA FELICIA,80_11,0,0,0,0,0,0,0,0,0,0,0,0,0,0,0,0,0,0,2,4
SKODA,SKODA KAROQ,80_3,12213,14566,13625,83,0,0,0,0,0,0,0,0,0,0,0,0,0,0,0,0
SKODA,SKODA KODIAQ,80_4,7310,8778,7547,6052,0,0,0,0,0,0,0,0,0,0,0,0,0,0,0,0
SKODA,SKODA OCTAVIA,80_5,11363,19631,16501,18337,21156,20500,18624,12554,13744,13854,11950,8874,8097,9246,8272,5643,4032,3209,2240,1392
SKODA,SKODA RAPID,80_6,0,501,2154,4010,4422,3458,6004,3611,190,0,0,0,0,0,0,0,0,0,0,0
SKODA,SKODA ROOMSTER,80_8,0,0,0,0,3,1727,2781,2729,2518,1712,1451,1273,2517,3113,583,0,0,0,0,0
SKODA,SKODA SCALA,80_12,3050,1420,0,0,0,0,0,0,0,0,0,0,0,0,0,0,0,0,0,0
SKODA,SKODA SUPERB,80_9,4779,6775,7577,9087,8818,5125,5149,4158,4559,3353,2278,1334,567,416,433,529,403,272,112,0
SKODA,SKODA YETI,80_10,0,0,49,10875,13146,12673,12401,10478,6920,5398,3940,587,0,0,0,0,0,0,0,0
SMART,SMART CITY,84_2,0,0,0,0,0,0,0,0,0,0,0,0,1,894,1307,1275,2136,1484,0,0
SMART,SMART FORFOUR,84_1,703,1926,3825,4613,5060,5412,0,0,0,0,0,0,7,164,1658,2015,785,0,0,0
SMART,SMART FORTWO,84_2,598,1878,3339,4574,5499,2138,3767,4540,4804,4085,5920,6391,5287,2381,1079,898,731,2,2,0
SMART,SMART ROADSTER,84_3,0,0,0,0,0,0,0,0,0,0,0,0,0,83,297,811,1305,408,0,0
SSANGYONG,SSANGYONG KORANDO,85_1,724,697,733,886,1048,1227,816,418,513,89,0,0,0,0,0,0,0,0,0,0
SSANGYONG,SSANGYONG KYRON,85_3,0,0,0,0,0,0,0,0,0,11,54,106,58,75,124,0,0,0,0,0
SSANGYONG,SSANGYONG MUSSO,85_4,0,0,0,0,0,0,0,0,0,0,0,0,0,0,0,1,1,1,1,0
SSANGYONG,SSANGYONG REXTON,85_5,202,310,326,412,350,362,334,11,119,46,53,215,106,171,208,375,221,27,1,0
SSANGYONG,SSANGYONG RODIUS,85_6,4,57,493,597,625,431,253,145,103,25,51,142,81,110,66,31,0,0,0,0
SSANGYONG,SSANGYONG TIVOLI,85_7,496,725,1064,1360,2108,1021,0,0,0,0,0,0,0,0,0,0,0,0,0,0
SUBARU,SUBARU BRZ,86_1,24,76,84,144,123,116,121,122,69,0,0,0,0,0,0,0,0,0,0,0
SUBARU,SUBARU FORESTER,86_2,206,1008,884,842,1192,1111,1142,846,468,933,969,642,691,1053,1234,1498,1336,1114,546,391
SUBARU,SUBARU IMPREZA,86_3,11,108,159,78,149,170,115,10,20,126,819,785,1092,1942,1852,2278,1852,1922,1253,1092
SUBARU,SUBARU JUSTY,86_4,0,0,0,0,0,0,0,0,0,1,55,280,309,59,0,0,0,0,0,9
SUBARU,SUBARU LEGACY,86_5,1,0,0,1,0,3,4,178,249,483,509,524,501,548,878,941,747,424,255,275
SUBARU,SUBARU LEVORG,86_6,64,74,14,106,187,163,0,0,0,0,0,0,0,0,0,0,0,0,0,0
SUBARU,SUBARU OUTBACK,86_7,240,571,645,458,757,783,248,289,314,594,591,435,359,506,606,485,341,45,0,0
SUBARU,SUBARU WRX,86_10,0,5,105,304,335,282,341,73,136,141,81,0,0,0,0,0,0,0,0,0
SUBARU,SUBARU XV,86_11,318,918,1093,597,739,633,625,586,555,2,0,0,0,0,0,0,0,0,0,0
SUZUKI,SUZUKI ALTO,87_1,0,0,0,0,0,1848,13273,12326,4915,4742,4770,6177,0,0,1323,2414,2135,1026,58,71
SUZUKI,SUZUKI BALENO,87_2,0,1046,1417,2180,1929,0,0,0,0,0,0,0,0,0,0,0,0,0,7,44
SUZUKI,SUZUKI CELERIO,87_3,0,2129,4069,6345,7963,7356,34,0,0,0,0,0,0,0,0,0,0,0,0,0
SUZUKI,SUZUKI GRAND VITARA,87_4,0,0,0,0,0,0,0,23,255,5,0,0,0,0,0,0,0,0,0,0
SUZUKI,SUZUKI IGNIS,87_5,3924,3579,5654,5765,253,0,0,0,0,0,0,0,23,1583,1442,1983,2093,1609,1117,798
SUZUKI,SUZUKI JIMNY,87_6,862,1169,477,934,1036,968,863,871,904,744,663,845,1248,1804,1832,2008,2485,2178,1732,1208
SUZUKI,SUZUKI KIZASHI,87_7,0,0,0,0,0,0,30,88,184,11,0,0,0,0,0,0,0,0,0,0
SUZUKI,SUZUKI LIANA,87_8,0,0,0,0,0,0,0,0,0,0,0,0,26,433,405,668,658,363,283,58
SUZUKI,SUZUKI SPLASH,87_9,0,0,0,0,0,61,3208,3589,3913,1607,1563,2835,2114,0,0,0,0,0,0,0
SUZUKI,SUZUKI SWIFT,87_10,7975,10931,10021,7932,10623,12592,10318,9017,9491,6732,6900,8586,9898,10442,6455,2369,1,176,498,222
SUZUKI,SUZUKI SX4,87_11,877,2027,2740,3045,3487,3935,6699,3492,2134,2455,2313,2569,3210,3398,1554,0,0,0,0,0
SUZUKI,SUZUKI VITARA,87_13,5141,12497,11938,10936,11040,5699,525,1174,939,1604,2064,2463,3013,3774,3327,3816,3725,2719,1982,1141
SUZUKI,SUZUKI WAGON R+,87_14,0,0,0,0,0,0,0,0,0,0,0,0,7,721,873,1914,2395,2537,2090,1435
TATA,TATA SAFARI,89_1,0,0,0,0,0,0,0,0,0,0,0,0,0,1,0,5,2,2,0,4
TESLA,TESLA MODEL 3,90_3,22120,10317,1,0,0,0,0,0,0,0,0,0,0,0,0,0,0,0,0,0
TESLA,TESLA MODEL S,90_1,889,1186,1762,2362,2195,1266,606,0,0,0,0,0,0,0,0,0,0,0,0,0
TESLA,TESLA MODEL X,90_2,1502,1209,1375,1939,40,0,0,0,0,0,0,0,0,0,0,0,0,0,0,0
TOYOTA,TOYOTA 4-RUNNER,92_1,0,2,2,59,7,3,2,0,0,3,0,0,1,1,0,2,1,2,1,0
TOYOTA,TOYOTA AURIS,92_3,0,1121,12484,12936,14999,16921,16941,14231,8704,9808,10307,12871,14782,14886,74,0,0,0,0,0
TOYOTA,TOYOTA AVENSIS,92_4,0,1,1378,2795,4088,3999,3802,4000,6335,6077,10296,9827,8464,9765,9394,7921,6522,4600,2253,1733
TOYOTA,TOYOTA AYGO,92_6,16537,21768,21371,20584,22027,23005,19227,15142,14868,13026,12325,13448,12731,11327,10500,2004,0,0,0,0
TOYOTA,TOYOTA CAMRY,92_9,398,385,0,0,1,1,1,2,0,2,1,3,0,1,0,0,36,50,139,36
TOYOTA,TOYOTA CELICA,92_10,0,0,0,0,0,0,0,0,0,0,0,1,0,0,1066,1741,2163,2013,1645,1428
TOYOTA,TOYOTA C-HR,92_8,16351,17346,18052,13014,482,0,0,0,0,0,0,0,0,0,0,0,0,0,0,0
TOYOTA,TOYOTA COROLLA,92_11,17817,14079,4,56,9,10,22,6,7,7,20,1684,4988,7416,19400,18980,13335,10325,7375,3885
TOYOTA,TOYOTA ESTIMA,92_14,0,0,0,1,1,13,34,53,59,48,48,76,91,80,111,43,57,51,57,21
TOYOTA,TOYOTA GRANVIA,92_16,0,0,0,0,0,0,0,0,0,0,0,0,0,0,0,1,0,0,0,4
TOYOTA,TOYOTA GT86,92_17,250,316,449,615,644,717,946,1578,1217,0,0,0,0,0,0,0,0,0,0,0
TOYOTA,TOYOTA HIACE,92_18,0,0,0,1,0,0,0,1,2,14,5,16,72,20,8,6,11,6,22,68
TOYOTA,TOYOTA HILUX,92_19,0,1,0,0,0,0,0,0,1,0,1,4,2,1,1,6,2,1,3,3
TOYOTA,TOYOTA IQ,92_20,0,0,0,0,0,10,837,1326,2367,2546,3835,6466,12,0,0,0,0,0,0,0
TOYOTA,TOYOTA LANDCRUISER,92_21,341,620,648,504,665,815,775,440,454,550,714,468,744,1354,1668,2240,2152,1592,1245,1247
TOYOTA,TOYOTA MR2,92_25,0,0,0,0,0,1,0,0,0,0,0,0,0,0,654,743,1061,1165,1015,842
TOYOTA,TOYOTA PICNIC,92_27,0,0,0,0,0,0,0,0,0,0,0,0,0,0,0,1,1,0,1,40
TOYOTA,TOYOTA PREVIA,92_29,0,0,0,27,0,0,1,0,0,0,0,1,1,3,698,946,1033,1013,696,738
TOYOTA,TOYOTA PRIUS,92_30,1650,3059,4648,4949,5731,5088,6924,5829,6138,6383,9281,6805,7181,7162,3994,2861,1112,196,92,164
TOYOTA,TOYOTA PRIUS+,92_31,2723,3573,937,867,1135,1115,840,1113,839,22,0,1,0,0,1,0,1,0,0,0
TOYOTA,TOYOTA PROACE,92_32,431,516,1,0,0,0,0,0,0,0,0,0,0,0,0,0,0,0,0,0
TOYOTA,TOYOTA RAV4,92_34,12450,9458,7278,7696,7930,6200,6756,6522,3712,4230,4541,3949,6438,8206,8079,9289,8709,7229,5353,3095
TOYOTA,TOYOTA SOARER,92_35,0,0,0,0,0,0,0,0,0,0,0,0,0,0,0,0,0,1,0,1
TOYOTA,TOYOTA STARLET,92_36,0,0,0,38,1,0,0,0,0,0,0,0,0,0,0,0,0,0,0,0
TOYOTA,TOYOTA SUPRA,92_37,259,102,0,5,0,0,0,0,0,0,0,0,0,0,0,0,1,0,7,7
TOYOTA,TOYOTA URBAN CRUISER,92_39,0,0,0,0,0,0,0,2,618,1078,1275,1310,0,0,0,0,0,0,0,0
TOYOTA,TOYOTA VERSO,92_40,0,0,827,2141,3512,3280,3153,3373,3131,4063,730,0,0,0,1,0,0,0,0,0
TOYOTA,TOYOTA YARIS,92_44,20813,27557,27188,25666,28590,31025,29225,29127,27768,16479,19710,26669,25444,24872,22153,24004,21479,19227,15589,12369
TVR,TVR CERBERA,88_1,0,0,0,0,0,0,0,0,0,0,0,0,0,0,0,0,1,3,12,34
TVR,TVR SAGARIS,88_2,0,0,0,0,0,0,0,0,0,0,0,0,0,1,19,60,0,0,0,0
TVR,TVR T350,88_3,0,0,0,0,0,0,0,0,0,0,0,0,2,1,8,35,57,70,1,0
TVR,TVR TUSCAN,88_4,0,0,0,0,0,0,0,0,1,1,1,2,6,8,43,72,40,93,99,156
VAUXHALL,VAUXHALL ADAM,94_1,0,4716,5240,7160,9170,10590,13213,7623,47,0,0,0,0,0,0,0,0,0,0,0
VAUXHALL,VAUXHALL AGILA,94_2,0,0,0,0,3,225,3703,3761,4341,4674,4317,6450,3669,1514,1880,2004,2123,2336,1373,1347
VAUXHALL,VAUXHALL AMPERA,94_3,0,0,0,0,2,91,483,223,412,0,0,0,0,0,0,0,0,0,0,0
VAUXHALL,VAUXHALL ANTARA,94_4,0,0,0,11,842,2139,2776,7377,6671,1056,340,1102,1067,732,1,0,0,0,0,0
VAUXHALL,VAUXHALL ASTRA,94_5,6020,20595,28741,45275,57009,49244,55257,61849,55697,53252,64991,51501,59771,65907,47892,36609,20319,15954,12820,7679
VAUXHALL,VAUXHALL CASCADA,94_7,0,0,49,208,499,561,708,780,0,0,0,0,0,0,0,0,0,0,0,0
VAUXHALL,VAUXHALL COMBO,94_8,3196,3412,359,17,0,0,0,0,116,175,240,120,121,422,154,100,3,0,0,0
VAUXHALL,VAUXHALL CORSA,94_9,45080,50763,50042,50049,73362,86840,75586,76413,79535,67713,65057,66071,69691,57993,34960,28477,23338,19848,13771,9124
VAUXHALL,VAUXHALL CROSSLAND,94_10,18139,15112,12519,2425,0,0,0,0,0,0,0,0,0,0,0,0,0,0,0,0
VAUXHALL,VAUXHALL FRONTERA,94_11,0,0,0,0,0,0,0,0,0,0,0,0,0,0,0,11,171,425,232,136
VAUXHALL,VAUXHALL GRANDLAND,94_12,18195,21625,15903,49,0,0,0,0,0,0,0,0,0,0,0,0,0,0,0,0
VAUXHALL,VAUXHALL INSIGNIA,94_13,1325,7408,12737,15459,23111,30531,27838,24382,26411,34315,24496,19901,242,0,0,0,0,0,0,1
VAUXHALL,VAUXHALL MERIVA,94_14,0,0,26,4340,6500,8328,7861,8296,9952,17771,13227,8046,9161,9068,8718,6631,5564,1311,0,0
VAUXHALL,VAUXHALL MOKKA,94_15,0,21463,30468,34620,40031,43356,32204,13084,838,0,0,0,0,0,0,0,0,0,0,0
VAUXHALL,VAUXHALL MONARO,94_17,0,0,0,0,0,0,0,0,0,0,0,0,0,45,126,133,90,0,0,0
VAUXHALL,VAUXHALL MOVANO,94_18,58,48,68,66,47,54,57,29,22,1,0,0,4,14,0,2,3,1,1,0
VAUXHALL,VAUXHALL OMEGA,94_19,0,0,0,0,0,0,0,0,0,0,0,0,1,0,1,0,35,667,632,476
VAUXHALL,VAUXHALL SIGNUM,94_20,0,0,0,0,0,0,0,0,3,1,0,0,51,689,1177,700,572,202,0,0
VAUXHALL,VAUXHALL TIGRA,94_21,0,0,0,0,0,0,0,0,0,5,12,2178,1818,2395,2737,2012,513,0,1,3
VAUXHALL,VAUXHALL VECTRA,94_22,0,0,0,0,1,0,0,0,0,0,1,3255,20567,19777,12589,6928,4417,2504,1653,1445
VAUXHALL,VAUXHALL VIVA,94_23,0,4091,5377,9510,13720,5223,0,0,0,0,0,1,1,0,1,0,0,1,0,0
VAUXHALL,VAUXHALL VIVARO,94_24,216,387,790,1055,1452,1037,741,840,581,313,62,116,87,82,47,4,2,6,2,0
VAUXHALL,VAUXHALL VX220,94_25,0,0,0,0,0,0,0,0,0,0,0,0,0,2,35,36,86,89,28,1
VAUXHALL,VAUXHALL VXR8,94_26,0,0,8,7,8,11,12,1,3,0,1,170,92,110,0,0,0,0,0,0
VAUXHALL,VAUXHALL ZAFIRA,94_27,0,6,4721,10416,11645,14830,28877,30676,19185,17073,24214,15461,27378,26048,20638,14114,12360,7288,4494,2139
VOLKSWAGEN,VOLKSWAGEN ARTEON,95_2,1521,2510,2181,534,0,0,0,0,0,0,0,0,0,0,0,0,0,0,0,0
VOLKSWAGEN,VOLKSWAGEN BEETLE,95_3,0,0,905,1483,2273,3285,3699,4482,2262,686,2219,1945,2721,3495,4050,4725,5644,4600,2817,2444
VOLKSWAGEN,VOLKSWAGEN BORA,95_4,0,0,0,0,0,0,0,0,0,2,7,1,0,1,393,2703,2358,2290,2012,1145
VOLKSWAGEN,VOLKSWAGEN CADDY,95_5,266,1162,2525,2780,2130,2074,1281,1279,1244,1205,934,692,410,65,38,8,3,1,3,0
VOLKSWAGEN,VOLKSWAGEN CADDYMAXI,95_7,1532,1440,3,0,0,55,40,49,14,0,0,0,0,0,0,0,0,0,0,0
VOLKSWAGEN,VOLKSWAGEN CALIFORNIA,95_9,188,1201,0,1,0,0,0,0,0,1,0,0,0,0,0,0,0,0,0,0
VOLKSWAGEN,VOLKSWAGEN CARAVELLE,95_11,615,736,60,91,41,565,575,675,820,682,596,388,535,575,566,648,489,83,34,52
VOLKSWAGEN,VOLKSWAGEN CC,95_12,0,0,1,256,1968,2959,3893,3733,3181,1,0,0,0,0,0,0,0,0,0,0
VOLKSWAGEN,VOLKSWAGEN EOS,95_13,0,0,0,0,37,523,332,455,378,1395,2176,1539,3334,4131,1764,0,0,1,0,0
VOLKSWAGEN,VOLKSWAGEN FOX,95_14,0,0,0,0,0,0,0,0,96,2413,3978,2456,2161,2691,1837,0,0,0,0,0
VOLKSWAGEN,VOLKSWAGEN GOLF,95_15,41724,57451,63029,70652,66862,70714,68748,59564,56308,56671,52675,52868,54196,58383,48023,39567,28821,30106,26767,15737
VOLKSWAGEN,VOLKSWAGEN HIGH UP,95_33,0,507,1119,1732,183,0,0,0,0,0,0,0,0,0,0,0,0,0,0,0
VOLKSWAGEN,VOLKSWAGEN JETTA,95_18,4,9,31,395,1143,1724,1506,1693,1943,1525,1069,1915,2926,4715,3904,75,11,6,2,0
VOLKSWAGEN,VOLKSWAGEN LOOK UP,95_33,0,0,0,4,1219,0,0,0,0,0,0,0,0,0,0,0,0,0,0,0
VOLKSWAGEN,VOLKSWAGEN LUPO,95_19,0,0,0,0,0,0,0,0,0,0,1,0,0,1,3,545,1440,1464,2245,1657
VOLKSWAGEN,VOLKSWAGEN PASSAT,95_20,5940,7269,11706,14577,16057,17089,16758,14231,16984,21439,15668,17179,16908,18066,14125,10568,8467,7221,4711,2729
VOLKSWAGEN,VOLKSWAGEN PHAETON,95_21,0,0,0,0,0,7,27,90,99,162,98,141,132,144,130,84,62,26,0,0
VOLKSWAGEN,VOLKSWAGEN POLO,95_22,26210,36314,43389,44732,51815,52347,45125,39453,38569,41599,40550,26297,30123,29503,27773,24740,22975,20201,12835,8287
VOLKSWAGEN,VOLKSWAGEN SCIROCCO,95_23,0,0,601,4403,5244,5571,3862,4538,4668,6544,7028,6070,1110,1,0,1,33,5,0,0
VOLKSWAGEN,VOLKSWAGEN SHARAN,95_24,1430,4416,2763,2886,2819,3023,2802,2153,1851,1989,885,760,1072,1564,1606,1775,1244,893,585,284
VOLKSWAGEN,VOLKSWAGEN T-CROSS,95_37,7521,6758,0,0,0,0,0,0,0,0,0,0,0,0,0,0,0,0,0,0
VOLKSWAGEN,VOLKSWAGEN TIGUAN,95_26,24794,37182,30636,26625,19237,20860,16098,12827,9620,7370,7435,7250,5388,1,0,0,0,0,0,0
VOLKSWAGEN,VOLKSWAGEN TOUAREG,95_28,2224,3301,1614,3288,4083,4351,3327,2515,2025,1872,825,1297,1841,2644,2458,1955,1158,324,1,0
VOLKSWAGEN,VOLKSWAGEN TOURAN,95_29,2138,2629,3549,3947,3528,3829,4874,5244,5745,6219,5685,6637,6800,8471,7605,6688,4816,833,0,0
VOLKSWAGEN,VOLKSWAGEN TRANSPORTER,95_30,1020,2219,1642,1253,1226,1128,1089,924,684,700,873,485,1081,1292,95,63,53,22,21,20
VOLKSWAGEN,VOLKSWAGEN T-ROC,95_25,16839,21258,15803,16,0,0,0,0,0,0,0,0,0,0,0,0,0,0,0,0
VOLKSWAGEN,VOLKSWAGEN UP,95_33,3302,6939,10060,8701,10441,16280,21475,20066,13854,1,0,0,0,0,0,0,0,0,0,0
VOLKSWAGEN,VOLKSWAGEN UP BY,95_33,203,820,1133,2198,850,0,0,0,0,0,0,0,0,0,0,0,0,0,0,0
VOLKSWAGEN,VOLKSWAGEN URBAN,95_14,0,0,0,0,0,0,0,0,5,165,4525,2998,3204,3738,2107,0,0,0,0,0
VOLKSWAGEN,VOLKSWAGEN XL1,95_35,0,0,0,0,0,12,0,0,0,0,0,0,0,0,0,0,0,0,0,0
VOLVO,VOLVO C 30,96_1,0,0,0,0,0,0,0,258,1627,2632,5777,6321,3982,2948,165,0,0,0,0,1
VOLVO,VOLVO C30,96_1,0,0,0,0,0,0,0,748,1383,794,24,0,2,0,0,0,0,0,0,0
VOLVO,VOLVO C70,96_2,0,0,0,0,0,0,2,230,280,485,763,990,1284,1395,1315,551,682,647,408,335
VOLVO,VOLVO S40,96_3,0,0,0,0,0,0,1,39,1424,1736,2599,3260,4364,2979,3007,2995,2360,1466,1015,747
VOLVO,VOLVO S60,96_4,1078,1098,888,1109,1190,1343,1600,1583,2008,2171,775,61,468,896,1547,2214,2054,1886,1386,595
VOLVO,VOLVO S70,96_19,0,0,0,0,0,0,0,0,0,1,0,0,2,1,0,0,0,0,1,1
VOLVO,VOLVO S80,96_5,0,0,0,0,176,394,388,439,386,458,684,550,903,1075,555,757,766,800,694,482
VOLVO,VOLVO S90,96_6,1025,2050,2389,1368,283,0,0,0,0,0,0,0,0,0,0,0,0,0,0,0
VOLVO,VOLVO V40,96_7,0,8110,12787,13181,15226,15667,16427,11707,2499,0,1,6,1,0,0,2,1537,2079,1525,1150
VOLVO,VOLVO V50,96_9,0,0,1,0,0,0,0,6,3230,4577,5602,5811,7165,4133,4310,3816,1657,0,0,0
VOLVO,VOLVO V60,96_10,2928,4648,3798,3158,3795,3359,3757,3638,4765,2703,252,0,0,0,0,0,0,0,0,1
VOLVO,VOLVO V70,96_12,0,0,1,15,747,1983,1967,1709,1569,2161,3022,4070,3812,3269,3432,4489,4264,3899,3935,2854
VOLVO,VOLVO V90,96_14,2353,4296,3864,2859,429,0,0,0,0,0,0,0,0,0,0,0,0,0,0,1
VOLVO,VOLVO XC40,96_20,24281,14894,6616,8,0,0,0,0,0,0,0,0,0,0,0,0,0,0,0,0
VOLVO,VOLVO XC60,96_16,7694,11182,10840,14994,14808,12830,9102,5250,5046,4727,4548,3373,308,0,0,0,0,0,0,0
VOLVO,VOLVO XC70,96_17,0,0,0,17,1006,1586,1710,1549,1360,1863,1447,1067,1059,1423,1347,1524,963,626,119,0
VOLVO,VOLVO XC90,96_18,4969,7495,6475,5564,5254,2756,2319,2438,3003,4368,6392,3633,1879,3232,3547,4614,3901,1507,0,0
ZENOS,ZENOS E10,99_1,0,0,0,2,10,7,0,0,0,0,0,0,0,0,0,0,0,0,0,0
